,SMILES,Molecule Name,LogD,LogS,Log_HLM_CLint,Log_MLM_CLint,Caco-2 Permeability Papp A>B,Caco-2 Permeability Efflux,MPPB,MBPB,MGMB,LogD modifier,KSOL modifier,HLM CLint modifier,MLM CLint modifier,Caco-2 Permeability Papp A>B modifier,Caco-2 Permeability Efflux modifier,MPPB modifier,MBPB modifier,MGMB modifier,INCHIKEY
0,COc1cccc(Cl)c1NC(=O)N1CCC[C@H](C(N)=O)C1,ASAP-0032437,0.3,,,,,,,,,=,,,,,,,,,
1,O=C(NCC(F)F)[C@H](Nc1cc2c(cc1Br)CNC2)c1cc(Cl)cc(C2CC2)c1,ASAP-0031915,2.9,-3.4762535331884354,,,,,,,,=,=,,,,,,,,
2,O=C(NCC(F)F)[C@H](Nc1ccc2c(c1)CNC2)c1cc(Br)cc2nc[nH]c12,ASAP-0031884,0.4,,,,,,,,,=,,,,,,,,,
3,NC(=O)[C@H]1CCCN(C(=O)Cc2cccc3occc23)C1,ASAP-0031848,1.0,-3.423658649794207,,,,,,,,=,=,,,,,,,,
4,Cc1cc(CC(=O)N2CCC[C@H](C(N)=O)C2)ccn1,ASAP-0031813,-0.3,-3.424812155072339,,,,,,,,=,=,,,,,,,,
5,O=C(NCC(F)F)[C@H](Nc1cnc2c(c1)CNC2)c1cc(Cl)cc(C2CC2)c1,ASAP-0031747,1.5,-3.4400933749638876,,,,,,,,=,=,,,,,,,,
6,COc1cc(Cl)cc([C@H](Nc2ccc3c(c2)CNC3)C(=O)NCC(F)F)c1,ASAP-0031580,0.5,,,,,,,,,=,,,,,,,,,
7,Cc1cc([C@H](Nc2ccc3c(c2)CNC3)C(=O)NCC(F)F)cc(C(F)(F)F)c1,ASAP-0031651,1.0,,,,,,,,,=,,,,,,,,,
8,O=C(NCC(F)F)[C@H](Nc1ccc2c(c1)CNC2)c1cc(Cl)cc2ccoc12,ASAP-0031402,0.6,-3.72584215073632,,,,,,,,=,=,,,,,,,,
9,CC(C)NC(=O)[C@H](Nc1ccc2c(c1)CNC2)c1cc(Cl)cc2[nH]c(-c3ccccc3)nc12,ASAP-0031455,2.8,-3.869666231504994,,1.0791812460476249,,,,,,=,=,,=,,,,,,
10,CN(c1ccc2c(c1)CNC2)[C@H](C(=O)NCC(F)F)c1cc(Cl)cc(C2CC2)c1,ASAP-0031351,1.6,-3.7619538968712045,1.2576785748691846,1.0644579892269184,,,,,,=,=,=,=,,,,,,
11,COCc1cc(Cl)cc([C@H](Nc2ccc3c(c2)CNC3)C(=O)NCC(F)F)c1,ASAP-0031379,0.2,-3.714442690992226,,,,,,,,=,=,,,,,,,,
12,COc1cc(C#N)cc([C@H](Nc2ccc3c(c2)CNC3)C(=O)NCC(F)F)c1,ASAP-0031332,-0.4,-3.417936637088291,,,,,,,,=,=,,,,,,,,
13,O=C(NCC(F)F)[C@H](Nc1ccc2c(c1)CNC2)c1cc(Cl)cc2c1CCC2,ASAP-0031390,1.2,,,,,,,,,=,,,,,,,,,
14,N#Cc1cccc(-c2nc3c(C(=O)Nc4ccc5c(c4)CNC5)cc(F)cc3[nH]2)c1,ASAP-0031247,2.0,-5.3979400086720375,,1.3617278360175928,,,,,,=,=,,=,,,,,,
15,O=C(Nc1ccc2c(c1)CNC2)c1cc(F)cc2[nH]c(-c3ccc(F)cc3)nc12,ASAP-0031237,2.9,-5.154901959985743,,1.5774917998372253,,,,,,=,=,,=,,,,,,
16,O=C(Nc1cc2c(c(-c3c[nH]c(=O)c(F)c3)c1)CNC2)c1cc(F)cc2[nH]ncc12,ASAP-0031274,0.4,-4.173925197299174,,2.387389826338729,,,,,,=,=,,=,,,,,,
17,N#Cc1cc2c(cc1NC(=O)c1cc(F)cc3[nH]ncc13)CNC2,ASAP-0031265,0.6,-3.712198270069774,1.2479732663618066,2.4608978427565478,,,,,,=,=,=,=,,,,,,
18,O=C(Nc1cc2c(c(C3=CCOCC3)c1)CNC2)c1cc(F)cc2[nH]ncc12,ASAP-0031147,0.9,-3.8013429130455774,,2.184691430817599,,,,,,=,=,,=,,,,,,
19,CO[C@H]1C[C@H](n2ncc3c(C(=O)Nc4ccc5c(c4)CNC5)cc(Cl)cc32)C1,ASAP-0031157,1.5,-3.4672456210075024,,,,,,,,=,=,,,,,,,,
20,O=C(Nc1cc2c(c(C3=CCS(=O)(=O)CC3)c1)CNC2)c1cc(F)cc2[nH]ncc12,ASAP-0031155,-0.1,-3.8477116556169437,,1.990782691803138,,,,,,=,=,,=,,,,,,
21,COc1cc(-c2cc(NC(=O)c3cc(F)cc4[nH]ncc34)cc3c2CNC3)ccn1,ASAP-0031141,2.0,-3.7423214251308154,,2.416640507338281,,,,,,=,=,,=,,,,,,
22,O=C(Nc1ccc2c(c1)CNC2)c1cc(Cl)cc2c1cnn2C1CCC1,ASAP-0031137,2.0,-3.7619538968712045,,1.1583624920952498,,,,,,=,=,,=,,,,,,
23,CC(C)n1cc2c(C(=O)Nc3ccc4c(c3)CNC4)cc(Cl)cc2n1,ASAP-0031203,1.6,-3.7399286120149253,,,,,,,,=,=,,,,,,,,
24,CCCCNC(=O)[C@H](Nc1ccc2c(c1)CNC2)c1cc(Cl)cc(C2CC2)c1,ASAP-0031031,2.3,-3.42021640338319,,,,,,,,=,=,,,,,,,,
25,O=C(Nc1ccc2c(c1)CNC2)c1cc(F)cc(-c2cn[nH]c2)c1,ASAP-0031004,0.7,-3.7328282715969863,1.5717088318086876,2.74350976472843,,,,,,=,=,=,=,,,,,,
26,O=C(Nc1cc2c(cc1C1CC1)CNC2)c1cc(F)cc2[nH]ncc12,ASAP-0031019,0.7,-3.721246399047171,,1.9434945159061026,,,,,,=,=,,=,,,,,,
27,CNC(=O)[C@H](Nc1ccc2c(c1)CNC2)c1cc(Cl)cc2[nH]c(-c3ccccc3)nc12,ASAP-0031092,1.8,-3.7471469690201067,,,,,,,,=,=,,,,,,,,
28,O=C(NCCCF)[C@H](Nc1ccc2c(c1)CNC2)c1cc(Cl)cc(C2CC2)c1,ASAP-0031104,1.2,-3.40340290437354,,,,,,,,=,=,,,,,,,,
29,O=C(NCC(F)F)[C@H](Nc1ccc2c(c1)CNC2)c1cc(Cl)cc(C2CC2)c1,ASAP-0030775,1.3,-3.485452247339714,,,,,,,,=,=,,,,,,,,
30,COCCNC(=O)[C@H](Nc1ccc2c(c1)CNC2)c1cc(Cl)cc(C2CC2)c1,ASAP-0030761,1.0,-3.493494967595128,1.3159703454569178,1.1038037209559568,,,,,,=,=,=,=,,,,,,
31,O=C(NCC(F)F)[C@H](Nc1ccc2c(c1)CNC2)c1cc(Cl)cc(C2CC2)c1,ASAP-0030776,1.4,-3.853871964321762,,,,,,,,=,=,,,,,,,,
32,O=C(Nc1cc(Br)c2c(c1)CNC2)c1cc(F)cc2[nH]ncc12,ASAP-0030792,1.8,-5.301029995663981,1.1643528557844371,2.164352855784437,,,,,,=,=,=,=,,,,,,
33,CC(C)NC(=O)[C@H](Nc1ccc2c(c1)CNC2)c1cc(Cl)cc2[nH]c(-c3ccccc3)nc12,ASAP-0030826,2.9,-3.8096683018297086,1.3838153659804313,,,,,,,=,=,=,,,,,,,
34,O=C1Cc2c(cc(F)cc2C(=O)Nc2ccc3c(c2)CNC3)N1,ASAP-0030065,-0.2,-3.43297363384094,,,,,,,,=,=,,,,,,,,
35,C=CC[C@H]1NCc2cc(NC(=O)c3cc(F)cc4[nH]ncc34)ccc21,ASAP-0030071,1.7,-3.447331783887807,,,,,,,,=,=,,,,,,,,
36,O=C(Nc1ccc2c(c1)CNC2)c1cc(F)cc2c1CCC2,ASAP-0030106,1.2,-3.72584215073632,,1.5843312243675307,,,,,,=,=,,=,,,,,,
37,Cn1cc2c(C(=O)Nc3ccc4c(c3)CNC4)cc(F)cc2n1,ASAP-0030104,0.2,-3.5086383061657274,,1.2833012287035497,,,,,,=,=,,=,,,,,,
38,O=C(Nc1cc2c(cc1Br)CNC2)c1cc(F)cc2[nH]ncc12,ASAP-0030085,1.1,-4.318758762624412,1.0934216851622351,2.4771212547196626,,,,,,=,=,=,=,,,,,,
39,O=C(Nc1ccc2c(c1)CNC2)c1cccc2[nH]c(C(F)(F)F)cc12,ASAP-0030028,1.5,-3.4282911681913126,1.1789769472931695,1.1367205671564067,,,,,,=,=,=,=,,,,,,
40,O=C1Cc2cc(C(=O)Nc3ccc4c(c3)CNC4)ccc2N1,ASAP-0029950,,-3.8632794328435933,,,,,,,,,=,,,,,,,,
41,Cn1c(=O)[nH]c2c(C(=O)Nc3ccc4c(c3)CNC4)cc(Br)cc21,ASAP-0029933,0.5,-3.7904849854573692,,1.130333768495006,,,,,,=,=,,=,,,,,,
42,O=C(Nc1ccc2c(c1)CNC2)c1cc(Cl)cc2cn[nH]c12,ASAP-0029911,1.2,-3.7328282715969863,,1.7403626894942439,,,,,,=,=,,=,,,,,,
43,Cc1c(C(=O)Nc2cc(-c3cccnc3)ccn2)cc(C2CC2)n1C,ASAP-0029790,,-3.7520267336381936,,2.5899496013257077,,,,,,,=,,=,,,,,,
44,N#CCCNC(=O)[C@H](Nc1ccc2c(c1)CNC2)c1cc(Cl)cc(C2CC2)c1,ASAP-0029645,0.6,-3.425968732272281,,,,,,,,=,=,,,,,,,,
45,CNC(=O)[C@H](Nc1ccc2c(c1)CNC2)c1cc(Cl)cc(C2CC2)c1,ASAP-0029621,0.9,-3.4449055514216806,,,,,,,,=,=,,,,,,,,
46,O=C(Nc1ccc2c(c1)CNC2)c1cc(Cl)cc2ccncc12,ASAP-0029711,0.6,-3.7399286120149253,,1.4065401804339552,,,,,,=,=,,=,,,,,,
47,Cc1c(C(=O)Nc2cc([C@H]3CCOC3)ccn2)cc(C2CC2)n1C,ASAP-0029521,3.0,,1.7686381012476144,,,,,,,=,,=,,,,,,,
48,O=C(NCC(F)F)[C@H](Nc1ccc2c(c1)CNC2)c1cc(Cl)cc(C2CC2)c1,ASAP-0029491,1.6,-3.4341521813264824,,,,,,,,=,=,,,,,,,,
49,O=C(Nc1ccc2c(c1)CNC2)c1cc(F)cc2[nH]ncc12,ASAP-0029497,,,,2.2576785748691846,,,,,,,,,=,,,,,,
50,COc1ccccc1[C@@H]1C[C@H](C)CCN1C(=O)Cc1cncc2ccccc12,ASAP-0029303,,-3.6595558851598815,,,,,,,,,=,,,,,,,,
51,O=C(Cc1cncc2ccccc12)N1[C@H]2CC[C@H]1c1ncccc12,ASAP-0029289,,-3.422508200162775,,,,,,,,,=,,,,,,,,
52,O=C(Cc1cncc2ccccc12)N1CC[C@@H](Oc2ccc(F)cc2)C1,ASAP-0029293,,-3.4881166390211256,,,,,,,,,=,,,,,,,,
53,C[C@H](F)[C@H]1CCCN1C(=O)Cc1cncc2ccccc12,ASAP-0029276,,-3.415668775632469,,,,,,,,,=,,,,,,,,
54,O=C(Cc1cncc2ccccc12)N1CC[C@H](c2cccc(F)c2)C1,ASAP-0029337,,-3.4424927980943423,,,,,,,,,=,,,,,,,,
55,CO[C@]1(C(F)(F)F)CCN(C(=O)Cc2cncc3ccccc23)C1,ASAP-0029313,,-3.4190750243243806,,,,,,,,,=,,,,,,,,
56,CC(C)c1nc([C@H]2CCCN(C(=O)Cc3cncc4ccccc34)C2)no1,ASAP-0029315,,-3.4190750243243806,,,,,,,,,=,,,,,,,,
57,O=C(Cc1cncc2ccccc12)N1CCC(n2c(=O)[nH]c3ccccc32)CC1,ASAP-0029319,,-3.4294570601181027,,,,,,,,,=,,,,,,,,
58,N#CC1(c2ccccc2)CCN(C(=O)Cc2cncc3ccccc23)CC1,ASAP-0029333,,-4.823908740944319,,,,,,,,,=,,,,,,,,
59,O=C(Cc1cncc2ccccc12)N1CCC[C@]2(C=Cc3ccccc3O2)C1,ASAP-0029324,,-3.5734887386354246,,,,,,,,,=,,,,,,,,
60,Cn1cc([C@H]2CCCN2C(=O)Cc2cncc3ccccc23)c(C(F)F)n1,ASAP-0029300,,-3.4122890349810886,,,,,,,,,=,,,,,,,,
61,O=C(Cc1cncc2ccccc12)N1CC[C@]2(CC=CCO2)C1,ASAP-0029271,,-3.416801226031377,,,,,,,,,=,,,,,,,,
62,CNS(=O)(=O)[C@H]1CCCN(C(=O)Cc2cncc3ccccc23)C1,ASAP-0029282,,-3.4190750243243806,,,,,,,,,=,,,,,,,,
63,O=C1C[C@H]2CCN(C(=O)Cc3cncc4ccccc34)C[C@H]2N1,ASAP-0029335,,-3.422508200162775,,,,,,,,,=,,,,,,,,
64,O=C(Cc1cncc2ccccc12)N1CCC(C[C@H]2CCCOC2)CC1,ASAP-0029356,,-3.4190750243243806,,,,,,,,,=,,,,,,,,
65,CC[C@H]1C[C@@H](C(F)(F)F)CCN1C(=O)Cc1cncc2ccccc12,ASAP-0029363,,-3.657577319177794,,,,,,,,,=,,,,,,,,
66,O=C(Cc1cncc2ccccc12)N1CC[C@H]2CCC(F)(F)C[C@H]2C1,ASAP-0029343,,-3.425968732272281,,,,,,,,,=,,,,,,,,
67,O=C(Cc1cncc2ccccc12)N1CC[C@]2(CCCc3ccccc32)C1,ASAP-0029346,,-3.5016894462103996,,,,,,,,,=,,,,,,,,
68,CNC(=O)CC1CCN(C(=O)Cc2cncc3ccccc23)CC1,ASAP-0029348,,-3.417936637088291,,,,,,,,,=,,,,,,,,
69,O=C(Nc1ccc2c(c1)CNC2)c1cc(Br)cc2[nH]c(-c3ccccc3)nc12,ASAP-0029352,3.6,,1.1398790864012365,1.651278013998144,,,,,,=,,=,=,,,,,,
70,C[C@H]1CCN(C(=O)Cc2cncc3ccccc23)[C@@H](C2CCOCC2)C1,ASAP-0029353,,-3.422508200162775,,,,,,,,,=,,,,,,,,
71,O=C(Cc1cncc2ccccc12)N1CCC[C@H](c2nnc3ccccn23)C1,ASAP-0029339,,-3.404503778174426,,,,,,,,,=,,,,,,,,
72,Cn1nccc1[C@H]1CCCN1C(=O)Cc1cncc2ccccc12,ASAP-0029358,,-3.42021640338319,,,,,,,,,=,,,,,,,,
73,O=C(Cc1cncc2ccccc12)N1CC[C@H]2OCC[C@H]2C1,ASAP-0029378,,-3.4122890349810886,,,,,,,,,=,,,,,,,,
74,C[C@]1(c2ccccc2)CCCN(C(=O)Cc2cncc3ccccc23)C1,ASAP-0029342,,-3.454692883534176,,,,,,,,,=,,,,,,,,
75,O=C1N[C@H]2CCN(C(=O)Cc3cncc4ccccc34)[C@H]1C2,ASAP-0029380,,-3.408935392973501,,,,,,,,,=,,,,,,,,
76,O=C(Cc1cncc2ccccc12)N1CC[C@H](Oc2ccc(F)c(F)c2)C1,ASAP-0029364,,-3.4485500020271247,,,,,,,,,=,,,,,,,,
77,CNC(=O)[C@H]1CC12CCN(C(=O)Cc1cncc3ccccc13)CC2,ASAP-0029366,,-3.4353339357479107,,,,,,,,,=,,,,,,,,
78,O=C(Cc1cncc2ccccc12)N1CCC[C@H]1C=Cc1cccs1,ASAP-0029365,,-3.441291429466834,,,,,,,,,=,,,,,,,,
79,O=C1Cc2c(cccc2C(=O)Nc2ccc3c(c2)CNC3)N1,ASAP-0029208,0.3,-3.815308569182401,,,,,,,,=,=,,,,,,,,
80,CC(C)NC(=O)[C@H](Nc1ccc2c(c1)CNC2)c1cc(Cl)cc2[nH]ncc12,ASAP-0029000,0.5,-3.505845405981557,,,,,,,,=,=,,,,,,,,
81,O=C(Nc1ccc2c(c1)CNC2)c1cc(Br)cc2[nH]ccc12,ASAP-0029002,,,,1.5477747053878226,,,,,,,,,=,,,,,,
82,O=C(Nc1ccc2c(c1)CNC2)c1cc(Cl)cc2c1CCC2,ASAP-0029051,1.8,-3.473660722610156,,,,,,,,=,=,,,,,,,,
83,Cn1ncc2c(C(=O)Nc3ccc4c(c3)CNC4)cc(Br)cc21,ASAP-0029092,1.0,-3.4056074496245734,,,,,,,,=,=,,,,,,,,
84,CNC(=O)[C@H](Nc1cc(CN)cc(C(=O)O)c1)c1cc(Cl)cc(C2CC2)c1,ASAP-0028981,0.0,-3.473660722610156,,,,,,,,=,=,,,,,,,,
85,OCC#C[C@H](Nc1ccc2c(c1)CNC2)c1cc(Cl)cc2[nH]ncc12,ASAP-0028990,0.5,-3.8664610916297826,,,,,,,,=,=,,,,,,,,
86,N#C[C@H](Nc1ccc2c(c1)CNC2)c1cc(Cl)cc2[nH]ncc12,ASAP-0028904,0.9,-3.5257837359237447,1.0530784434834197,,,,,,,=,=,=,,,,,,,
87,CNC(=O)[C@H](Nc1cc(CN)cc(-c2nn[nH]n2)c1)c1cc(Cl)cc(C2CC2)c1,ASAP-0028903,1.5,-3.4522252946121776,,,,,,,,=,=,,,,,,,,
88,O=C(Nc1cc(Cl)cc([C@H]2CN(Cc3ccccc3)C[C@@H]2c2cccc(-c3nn[nH]n3)c2)c1)OCc1ccccc1,ASAP-0027928,4.1,,1.6748611407378116,,,,,,,=,,=,,,,,,,
89,Clc1ccc2[nH]cc(Cc3ccc(-c4nn[nH]n4)cc3)c2c1,ASAP-0027972,2.1,,,,,,,,,=,,,,,,,,,
90,O=C(Nc1cc(Cl)cc([C@H](Nc2cccc(-c3nn[nH]n3)c2)C(=O)NCc2ccccc2)c1)OCc1ccccc1,ASAP-0027989,3.7,,,,,,,,,=,,,,,,,,,
91,C=CC[C@H](Nc1ccc(-c2nn[nH]n2)cc1)c1cc(Cl)cc(NC(=O)OCc2ccccc2)c1,ASAP-0027983,3.9,,1.0453229787866574,,,,,,,=,,=,,,,,,,
92,CNC(=O)[C@H](Nc1ccc(-c2nnn[nH]2)cc1)c1cc(Cl)cc(C2CC2)c1,ASAP-0027959,1.1,,,,,,,,,=,,,,,,,,,
93,Cc1ccccc1-c1nnc(Sc2cc(-c3ccccc3)nc3ncnn23)o1,ASAP-0027847,3.7,-5.096910013008056,,,,,,,,=,=,,,,,,,,
94,CCn1c(C)nnc1Sc1cc(C)nc2ncnn12,ASAP-0027872,-0.5,-3.4571745730408203,1.2430380486862944,1.0413926851582251,,,,,,=,=,=,=,,,,,,
95,Cc1cc(Sc2nnc(C)o2)n2ncnc2n1,ASAP-0027864,0.1,-3.447331783887807,2.2624510897304293,2.1818435879447726,,,,,,=,=,=,=,,,,,,
96,Clc1cccc(-c2nnc(Sc3cc(-c4ccccc4)nc4ncnn34)o2)c1,ASAP-0027858,4.1,,,,,,,,,=,,,,,,,,,
97,Cc1nnc(Sc2cc(-c3ccccc3)nc3ncnn23)o1,ASAP-0027841,1.8,-4.214670164989233,,2.66838591669,,,,,,=,=,,=,,,,,,
98,COc1ccc(-c2nnc(Sc3cc(C)nc4ncnn34)o2)cc1,ASAP-0027845,2.4,-5.096910013008056,2.1522883443830563,2.7686381012476144,,,,,,=,=,=,=,,,,,,
99,O=C(Nc1cc(Cl)cc(-c2ccc3[nH]c(C(=O)O)cc3c2)c1)OCc1ccccc1,ASAP-0027839,3.7,-3.447331783887807,,,,,,,,=,=,,,,,,,,
100,O=C(O)Cn1ncc2cc(-c3cc(Cl)cc(NC(=O)OCc4ccccc4)c3)ccc21,ASAP-0027846,2.6,-3.87942606879415,,,,,,,,=,=,,,,,,,,
101,C=CC[C@H](Nc1cccc(-c2nn[nH]n2)c1)c1cc(Cl)cc(NC(=O)OCc2ccccc2)c1,ASAP-0027823,4.1,-3.4775557664936803,1.8228216453031045,,,,,,,=,=,=,,,,,,,
102,c1ccc(-c2cc(Sc3nnc(N4CCOCC4)s3)n3ncnc3n2)cc1,ASAP-0027763,2.1,-5.301029995663981,2.4638929889859074,2.7958800173440754,,,,,,=,=,=,=,,,,,,
103,O=S(=O)(NCCc1nccc(O)n1)N1CCNCC1,ASAP-0027787,,-3.4559319556497243,,,,,,,,,=,,,,,,,,
104,N#C[C@H](Nc1cccc(-c2nn[nH]n2)c1)c1cc(Cl)cc(NC(=O)OCc2ccccc2)c1,ASAP-0027741,3.2,-3.462180904926726,1.1643528557844371,,,,,,,=,=,=,,,,,,,
105,O=C(Nc1ccc2c(c1)CNC2)c1cc(Cl)cc2[nH]ncc12,ASAP-0027808,0.9,-3.552841968657781,,2.387389826338729,,,,,,=,=,,=,,,,,,
106,N#C[C@H](Nc1cccc(C(=O)O)c1)c1cc(Cl)cc2[nH]ncc12,ASAP-0027804,0.6,-3.9469215565165805,1.1139433523068367,,,,,,,=,=,=,,,,,,,
107,NCc1cc(C(=O)O)cc([C@@H]2C[C@H]2c2cc(Cl)cc(NC(=O)OCc3ccccc3)c2)c1,ASAP-0027768,2.7,-4.275724130399211,,,,,,,,=,=,,,,,,,,
108,CNCc1cc(Sc2nnc(-c3ccc(Cl)cc3)n2C)n2ncnc2n1,ASAP-0027762,0.7,-3.447331783887807,0.0,0.0,,,,,,=,=,=,=,,,,,,
109,CNC(=O)[C@H](Nc1cc(Cl)cc(NC(=O)OCc2ccccc2)c1)c1cccc(-c2nn[nH]n2)c1,ASAP-0027759,2.2,-3.4762535331884354,1.3483048630481607,,,,,,,=,=,=,,,,,,,
110,CNC(=O)[C@H](Nc1cccc(-c2nn[nH]n2)c1)c1cc(Cl)cc2[nH]ncc12,ASAP-0027758,0.3,-3.4584207560534193,,,,,,,,=,=,,,,,,,,
111,Cc1csc(Sc2cc(-c3ccccc3)nc3ncnn23)n1,ASAP-0027659,2.9,-5.154901959985743,,,,,,,,=,=,,,,,,,,
112,COc1ccc(-c2nnc(Sc3cc(-c4ccccc4)nc4ncnn34)n2C)cc1,ASAP-0027661,2.6,-4.920818753952375,,,,,,,,=,=,,,,,,,,
113,c1ccc(-c2cc(Sc3nc(-c4ccccn4)no3)n3cnnc3n2)cc1,ASAP-0027553,2.7,-4.130768280269024,0.0,0.0,,,,,,=,=,=,=,,,,,,
114,CCn1c(C)nnc1Sc1cc(-c2ccccc2)nc2ncnn12,ASAP-0023327,1.4,-3.5466816599529625,1.557507201905658,1.3242824552976926,,,,,,=,=,=,=,,,,,,
115,O=C(O)COc1cccc(NC(=O)c2cc(Cl)cc(NC(=O)OCc3ccccc3)c2)c1,ASAP-0023462,1.8,-3.4424927980943423,,,,,,,,=,=,,,,,,,,
116,Cn1c(Sc2cc(-c3ccon3)nc3ncnn23)nnc1-c1ccc(Cl)cc1,ASAP-0023443,2.0,-5.045757490560675,,,,,,,,=,=,,,,,,,,
117,Cc1ccc(-c2nnc(Sc3cc(-c4ccccc4)nc4ncnn34)o2)cc1,ASAP-0023493,4.3,,,,,,,,,=,,,,,,,,,
118,Clc1ccc(-c2cnc(Sc3cc(-c4ccccc4)nc4nncn34)o2)cc1,ASAP-0023517,4.2,,1.4183012913197455,1.4487063199050798,,,,,,=,,=,=,,,,,,
119,COc1cccc(-c2nnc(Sc3cc(-c4ccccc4)nc4ncnn34)o2)c1,ASAP-0023516,4.1,-5.154901959985743,,,,,,,,=,=,,,,,,,,
120,O=C(Nc1cc(Cl)cc(C(=O)Nc2cccc(-n3nn[nH]c3=O)c2)c1)OCc1ccccc1,ASAP-0023274,3.8,-3.96657624451305,1.0863598306747482,,,,,,,=,=,=,,,,,,,
121,O=C(Nc1cc(Cl)cc(C(=O)Nc2cccc(-c3nnn[nH]3)c2)c1)OCc1ccccc1,ASAP-0023270,3.7,-4.180456064458132,,,,,,,,=,=,,,,,,,,
122,Cc1ccc2oc(Sc3cc(-c4ccccc4)nc4ncnn34)nc2c1,ASAP-0023164,4.4,-5.3979400086720375,,,,,,,,=,=,,,,,,,,
123,O=C(N[C@H]1[C@H]2CCCCC[C@H]2[C@H]1C(=O)Nc1cccc(C2CCNCC2)c1)OCc1ccccc1,ASAP-0023249,2.8,-4.301029995663981,1.5092025223311027,,,,,,,=,=,=,,,,,,,
124,COc1ccc(-c2nnc(Sc3cc(-c4ccccc4)nc4ncnn34)o2)cc1,ASAP-0023183,4.0,-4.3979400086720375,,,,,,,,=,=,,,,,,,,
125,Clc1ccc(-c2nnc(Sc3cc(-c4ccccc4)nc4ncnn34)o2)cc1,ASAP-0023182,4.2,-5.522878745280337,,,,,,,,=,=,,,,,,,,
126,CC[C@H](Cc1nnn[nH]1)c1ccc(NC(=O)c2cc(Cl)cc(NC(=O)OCc3ccccc3)c2)cc1,ASAP-0023266,4.1,-4.214670164989233,1.413299764081252,,,,,,,=,=,=,,,,,,,
127,Cn1c(Sc2cc(-c3ccccc3)nc3ncnn23)nnc1-c1ccncc1,ASAP-0022872,1.4,-4.657577319177793,2.2430380486862944,2.1172712956557644,,,,,,=,=,=,=,,,,,,
128,c1ccc(-c2cc(Sc3ncco3)n3ncnc3n2)cc1,ASAP-0022831,2.3,-4.275724130399211,2.5224442335063197,3.017450729510536,,,,,,=,=,=,=,,,,,,
129,CC(C)COc1noc2cc(OCCCc3cc(C(=O)N(C)C)no3)ccc12,ASAP-0022679,4.4,-4.920818753952375,1.6242820958356683,2.0034605321095063,,,,,,=,=,=,=,,,,,,
130,CC(C)COc1ccc2c(OCCCc3cc(C(=O)N(C)C)no3)noc2c1,ASAP-0022579,,-4.795880017344075,1.9827233876685453,1.841984804590114,,,,,,,=,=,=,,,,,,
131,Cc1ccc(-c2nnc(Sc3cc(-c4ccccc4)nc4ncnn34)n2C)cc1,ASAP-0022881,3.0,-5.096910013008056,2.3783979009481375,2.0827853703164503,,,,,,=,=,=,=,,,,,,
132,CCc1cc(C(=O)Nc2cccc(CN)c2)sc1-c1ccc(Cl)cc1,ASAP-0022528,4.3,-5.096910013008056,,,,,,,,=,=,,,,,,,,
133,CC(C)c1nc2c(C(=O)Nc3cccc(CN)c3)cccc2[nH]1,ASAP-0022538,1.9,-3.4989407377822483,,,,,,,,=,=,,,,,,,,
134,NCc1cccc(NC(=O)c2cccn3cc(CN4CCCC4)nc23)c1,ASAP-0022474,0.2,-3.4775557664936803,,,,,,,,=,=,,,,,,,,
135,CN(C)C(=O)c1cc(CCCOc2ccc3c(OCC4CC4)noc3c2)on1,ASAP-0021312,3.7,-5.096910013008056,1.5622928644564746,2.123851640967086,,,,,,=,=,=,=,,,,,,
136,CCOc1noc2cc(OCCCc3cc(C(=O)N(C)C)no3)ccc12,ASAP-0021658,3.5,-4.721246399047171,1.507855871695831,2.1492191126553797,,,,,,=,=,=,=,,,,,,
137,CCOc1noc2c(C)c(OCCCc3cc(C(=O)N(C)C)no3)ccc12,ASAP-0021134,4.0,-4.585026652029182,1.9916690073799486,2.622214022966295,,,,,,=,=,=,=,,,,,,
138,CCOc1noc2cc(OCCCc3cc(C(=O)N(C)C)no3)c(C)cc12,ASAP-0021262,4.0,-5.096910013008056,1.675778341674085,2.2227164711475833,,,,,,=,=,=,=,,,,,,
139,Cc1ccc(NC(=O)c2cc(Cl)cc(NC(=O)OCc3ccccc3)c2)cc1CN,ASAP-0021119,,,,,,,,,,,,,,,,,,,
140,C#CCCc1ccc(OCCCc2cc(C(=O)N(C)C)no2)cc1,ASAP-0021070,3.5,-3.7986028756795487,1.7881683711411678,1.8739015978644613,,,,,,=,=,=,=,,,,,,
141,NCc1cccc([C@H]2C[C@@H]2c2cc(Cl)cc(NC(=O)OCc3ccccc3)c2)c1,ASAP-0021039,,-4.292429823902063,1.0934216851622351,,,,,,,,=,=,,,,,,,
142,O=C(Nc1cc(Cl)cc(C(=O)Nc2n[nH]c3c2CNC3)c1)OCc1ccccc1,ASAP-0021061,,-4.568636235841013,,,,,,,,,=,,,,,,,,
143,NCc1cccc(NC(=O)c2cc(Cl)cc(CN)c2)c1,ASAP-0020849,-0.6,-3.424812155072339,1.3424226808222062,,,,,,,=,=,=,,,,,,,
144,CN(C)C(=O)c1cc(CCCOc2cccc(F)c2)on1,ASAP-0020936,2.7,-3.447331783887807,1.677606952720493,2.531478917042255,,,,,,=,=,=,=,,,,,,
145,O=C1NC(=O)[C@H](Cc2nc3c(s2)COCC3)c2ccccc21,ASAP-0020930,0.6,-3.447331783887807,1.3283796034387378,1.8356905714924256,,,,,,=,=,=,=,,,,,,
146,Cc1cc(-c2noc(C(F)(F)F)n2)ccc1COCCc1cc(C(=O)N(C)C)no1,ASAP-0020875,3.5,-4.161150909262744,1.5740312677277188,1.9025467793139914,,,,,,=,=,=,=,,,,,,
147,C#CCCCCc1ccc(OCCCc2cc(C(=O)N(C)C)no2)cc1,ASAP-0020904,4.4,-5.301029995663981,1.9079485216122722,2.146128035678238,,,,,,=,=,=,=,,,,,,
148,CN(C)C(=O)c1cc(CCCOc2ccc(F)cc2)on1,ASAP-0020843,2.6,-3.679853713888946,1.639486489268586,2.450249108319361,,,,,,=,=,=,=,,,,,,
149,Cc1cc(-c2noc(C(F)(F)F)n2)ccc1OCCCc1nc(-c2ccncc2)no1,ASAP-0020827,4.5,-5.301029995663981,1.3138672203691535,1.9111576087399766,,,,,,=,=,=,=,,,,,,
150,CN(C)C(=O)c1cc(CCCOc2ccc(-c3noc(C4CC4)n3)cc2)on1,ASAP-0020873,3.6,-4.769551078621726,1.4885507165004443,1.745855195173729,,,,,,=,=,=,=,,,,,,
151,CN(C)C(=O)c1cc(CCCOc2ccc(CCC3CCNCC3)cc2)on1,ASAP-0020818,0.5,-3.3990271043132516,,1.4828735836087537,,,,,,=,=,,=,,,,,,
152,O=C(Nc1cc(Cl)cc(C(=O)Nc2ccc3c(c2)CNC3)c1)OCc1ccccc1,ASAP-0020915,2.8,-4.443697499232712,1.1367205671564067,,,,,,,=,=,=,,,,,,,
153,O=C(O)c1cc(Cl)ccc1S(=O)(=O)NC1CCN(c2nc(C3CC3)cc(C(F)(F)F)n2)CC1,ASAP-0017673,2.8,-3.4190750243243806,1.436162647040756,,,,,,,=,=,=,,,,,,,
154,Cc1nnc(CCCOc2ccc(-c3noc(C(F)(F)F)n3)cc2C)[nH]1,ASAP-0017614,4.1,-4.721246399047171,,1.2148438480476977,,,,,,=,=,,=,,,,,,
155,CN(C)C(=O)c1cc(CCCn2ccc3cc(-c4noc(C(F)(F)F)n4)ccc32)on1,ASAP-0017622,,-5.045757490560675,1.4756711883244296,1.437750562820388,,,,,,,=,=,=,,,,,,
156,CN(C)C(=O)c1cc(CCCn2ccc3nc(-c4noc(C(F)(F)F)n4)ccc32)on1,ASAP-0017652,2.7,-3.6861327796308467,1.7185016888672742,1.6541765418779606,,,,,,=,=,=,=,,,,,,
157,O=C(Nc1cc(Cl)cc(C(=O)Nc2cccc(C3CCNCC3)c2)c1)OCc1ccccc1,ASAP-0017708,,-3.896196279044043,,,,,,,,,=,,,,,,,,
158,NCCc1ccc(NC(=O)c2cc(Cl)cc(NC(=O)OCc3ccccc3)c2)cc1,ASAP-0017692,2.9,-4.050609993355088,1.2671717284030137,,,,,,,=,=,=,,,,,,,
159,Cc1cc(OCc2ccccc2)ccc1NS(=O)(=O)c1ccc(Cl)cc1C(=O)O,ASAP-0017520,2.7,-3.40340290437354,1.3673559210260189,,,,,,,=,=,=,,,,,,,
160,CCOc1cccc(-c2ccc(S(=O)(=O)Nc3ccc(Cl)cc3C(=O)O)cc2)c1,ASAP-0017501,2.8,-3.4056074496245734,2.0791812460476247,,,,,,,=,=,=,,,,,,,
161,O=C(O)c1cc(Cl)ccc1NS(=O)(=O)c1ccc(-c2ccccc2Cl)cc1,ASAP-0017573,3.6,-3.4001169279263124,2.53655844257153,,,,,,,=,=,=,,,,,,,
162,O=C(O)c1cc(Cl)c(F)cc1S(=O)(=O)Nc1ccc(Oc2ccccc2Cl)cc1,ASAP-0017585,3.3,-3.401209493236885,1.8350561017201164,,,,,,,=,=,=,,,,,,,
163,NCc1cccc(NC(=O)C[C@H](NC(=O)OCc2ccccc2)c2ccc(OCc3ccccc3)c(Br)c2)c1,ASAP-0017583,,-4.657577319177793,1.1271047983648077,,,,,,,,=,=,,,,,,,
164,Cc1cc(-c2noc(C(F)(F)F)n2)ccc1OCCCc1cc(C(=O)N2CCCC2)no1,ASAP-0017434,,-4.886056647693163,,1.5646660642520893,,,,,,,=,,=,,,,,,
165,CCOc1noc2cc(OCCC3CCN(c4ccc(C)nn4)CC3)ccc12,ASAP-0017436,3.0,-4.769551078621726,1.6304278750250238,1.9836262871245345,,,,,,=,=,=,=,,,,,,
166,Cc1cc(-c2noc(C(F)(F)F)n2)ccc1OCCCc1ncc[nH]1,ASAP-0017443,,-4.161150909262744,,1.4281347940287887,,,,,,,=,,=,,,,,,
167,Cc1cc(-c2noc(C(F)(F)F)n2)ccc1OCCCc1nc2ccccc2[nH]1,ASAP-0017442,,-5.221848749616356,1.0791812460476249,1.7909884750888159,,,,,,,=,=,=,,,,,,
168,COc1ccc2[nH]c(CCCOc3ccc(-c4noc(C(F)(F)F)n4)cc3C)nc2n1,ASAP-0017444,,-5.3979400086720375,1.4983105537896004,1.4329692908744058,,,,,,,=,=,=,,,,,,
169,Cc1cc(-c2noc(C(F)(F)F)n2)ccc1OCCCc1nnco1,ASAP-0017440,4.0,-4.657577319177793,,1.1430148002540952,,,,,,=,=,,=,,,,,,
170,Cc1cc(-c2noc(C(F)(F)F)n2)ccc1OCCCc1nc(-c2cccnc2)no1,ASAP-0017438,,-5.154901959985743,1.24551266781415,1.5314789170422551,,,,,,,=,=,=,,,,,,
171,CN(C)C(=O)c1cc(CCCOc2ccc3c(c2F)CCCC3)on1,ASAP-0017437,4.2,-5.096910013008056,2.2227164711475833,2.3404441148401185,,,,,,=,=,=,=,,,,,,
172,CCOC(=O)c1ccc(OCCC2CCN(c3ccc(C)nn3)CC2)cc1,ASAP-0017441,4.1,-5.0,2.8506462351830666,2.7641761323903307,,,,,,=,=,=,=,,,,,,
173,Cc1nnc(CCCOc2ccc(-c3noc(C(F)(F)F)n3)cc2C)o1,ASAP-0017292,4.4,-4.102372908709558,1.24551266781415,1.8785217955012066,,,,,,=,=,=,=,,,,,,
174,Cc1cc(-c2noc(C(F)(F)F)n2)ccc1OCCCc1ccccn1,ASAP-0017304,,-4.958607314841775,1.0681858617461617,1.5092025223311027,,,,,,,=,=,=,,,,,,
175,Cc1cc(-c2noc(C(F)(F)F)n2)ccc1OCCCc1cc(C(=O)N2CC[C@](C)(O)C2)no1,ASAP-0017303,4.4,-4.769551078621726,,,,,,,,=,=,,,,,,,,
176,Cc1cc(-c2noc(C(F)(F)F)n2)ccc1OCCCc1cc(C(=O)N2CC[C@@H](O)C2)no1,ASAP-0017302,4.4,-4.886056647693163,,1.146128035678238,,,,,,=,=,,=,,,,,,
177,CN(C)C(=O)c1cc(CCCn2ncc3cc(-c4noc(C(F)(F)F)n4)ccc32)on1,ASAP-0017297,3.6,-4.275724130399211,1.1958996524092338,2.0492180226701815,,,,,,=,=,=,=,,,,,,
178,Cc1cc(-c2noc(C(F)(F)F)n2)ccc1OCCCc1cccnc1,ASAP-0017287,,-5.096910013008056,1.2013971243204515,1.6739419986340878,,,,,,,=,=,=,,,,,,
179,Cc1cc(-c2noc(C(F)(F)F)n2)ccc1OCCCc1csnn1,ASAP-0017295,,-5.3979400086720375,1.4548448600085102,2.041392685158225,,,,,,,=,=,=,,,,,,
180,Cc1cc(-c2noc(C(F)(F)F)n2)ccc1OCCCc1cnco1,ASAP-0017294,,-5.3979400086720375,1.0606978403536116,1.6919651027673603,,,,,,,=,=,=,,,,,,
181,Cc1ccncc1CCCOc1ccc(-c2noc(C(F)(F)F)n2)cc1C,ASAP-0017306,,-5.3979400086720375,1.14921911265538,1.235528446907549,,,,,,,=,=,=,,,,,,
182,Cc1noc(CCCOc2ccc(-c3noc(C(F)(F)F)n3)cc2C)n1,ASAP-0017291,,-5.301029995663981,,2.0530784434834195,,,,,,,=,,=,,,,,,
183,Cc1cc(-c2noc(C(F)(F)F)n2)ccc1OCCCc1ccncc1,ASAP-0017290,,-5.301029995663981,1.0755469613925308,1.3979400086720377,,,,,,,=,=,=,,,,,,
184,Cc1cc(-c2noc(C(F)(F)F)n2)ccc1OCCCc1cc(C(=O)N(C)C)no1,ASAP-0017288,,-5.0,1.0791812460476249,1.404833716619938,,,,,,,=,=,=,,,,,,
185,Cc1cc(-c2noc(C(F)(F)F)n2)ccc1OCCCc1nnc(C(F)F)o1,ASAP-0017312,,-5.154901959985743,,1.3010299956639813,,,,,,,=,,=,,,,,,
186,Cc1cc(-c2noc(C(F)(F)F)n2)ccc1OCCCc1cn[nH]c1,ASAP-0017285,4.0,-5.221848749616356,,1.2741578492636798,,,,,,=,=,,=,,,,,,
187,Cc1nc(-c2ccc(OCCCCCN3CCN(c4ccnc(N)c4)C3=O)cc2)no1,ASAP-0017296,2.5,-4.958607314841775,1.5289167002776547,1.4842998393467859,,,,,,=,=,=,=,,,,,,
188,Cc1cc(-c2noc(C(F)(F)F)n2)ccc1OCCCc1cnoc1,ASAP-0017286,,-4.886056647693163,,1.7168377232995244,,,,,,,=,,=,,,,,,
189,Nc1nc(-c2ccccc2)nc2[nH]nc(Nc3ccc(C(F)(F)F)cc3)c12,ASAP-0017284,,-5.522878745280337,,1.0863598306747482,,,,,,,=,,=,,,,,,
190,Cc1cc(-c2noc(C(F)(F)F)n2)ccc1OCCCc1cnn(C)c1,ASAP-0017289,4.2,-5.301029995663981,1.2810333672477277,1.866287339084195,,,,,,=,=,=,=,,,,,,
191,Cc1cc(-c2noc(C(F)(F)F)n2)ccc1OCCCc1cc(C(=O)N2CCOCC2)no1,ASAP-0017308,,-5.301029995663981,1.290034611362518,1.9969492484953812,,,,,,,=,=,=,,,,,,
192,CCON=Cc1ccc(OCCC2CCN(c3ccc(C)nn3)CC2)cc1,ASAP-0017298,4.4,-5.045757490560675,1.271841606536499,1.5943925503754266,,,,,,=,=,=,=,,,,,,
193,Cc1cc(-c2noc(C(F)(F)F)n2)ccc1CCOCc1cc(C(=O)N(C)C)no1,ASAP-0017309,4.0,-4.309803919971486,1.6937269489236468,1.943988875073772,,,,,,=,=,=,=,,,,,,
194,Cc1cc(-c2noc(C(F)(F)F)n2)ccc1OCCCc1cc(C(=O)N2CC[C@H](O)C2)no1,ASAP-0017305,4.4,-4.853871964321762,,1.1238516409670858,,,,,,=,=,,=,,,,,,
195,Cc1cc(-c2noc(C(F)(F)F)n2)ccc1OCCCc1nnnn1-c1ccccc1,ASAP-0017311,,-5.0,,1.545307116465824,,,,,,,=,,=,,,,,,
196,O=C1NC(=O)[C@@H](Cc2ccc3c(c2)OCO3)c2ccccc21,ASAP-0017037,2.4,-3.578396073130169,1.5237464668115646,1.92272545799326,,,,,,=,=,=,=,,,,,,
197,CC(C)CNC(=O)c1cc(Cl)c(F)cc1NS(=O)(=O)c1ccc(Oc2ccccc2Cl)cc1,ASAP-0016818,,-5.301029995663981,2.298853076409707,,,,,,,,=,=,,,,,,,
198,O=C(NCC(F)(F)F)c1cc(Cl)c(F)cc1NS(=O)(=O)c1ccc(Oc2ccccc2Cl)cc1,ASAP-0016843,,-4.823908740944319,1.8512583487190752,,,,,,,,=,=,,,,,,,
199,NCc1cccc(NC(=O)c2cc(OCc3ccccc3)ccc2CNC(=O)OCc2ccccc2)c1,ASAP-0016784,2.8,-4.823908740944319,1.3424226808222062,,,,,,,=,=,=,,,,,,,
200,NCc1cccc(NC(=O)CN(C(=O)OCc2ccccc2)c2ccc(OCc3ccccc3)cc2)c1,ASAP-0016778,2.9,-4.2441251443275085,1.0791812460476249,,,,,,,=,=,=,,,,,,,
201,Cc1cc(-c2ccc([C@H](NC(=O)OCc3ccccc3)C(=O)Nc3cccc(CN)c3)cc2)cs1,ASAP-0016768,,-5.045757490560675,1.4842998393467859,,,,,,,,=,=,,,,,,,
202,O=C(Nc1ccc2c(c1)OCO2)Nc1c[nH]c(=O)c2ccccc12,ASAP-0016672,,-4.136677139879544,,1.615950051656401,,,,,,,=,,=,,,,,,
203,O=C1NC(=O)[C@H](Cc2cccc(Cl)c2)c2ccccc21,ASAP-0016664,,-3.5346171485515816,2.2329961103921536,1.2479732663618066,,,,,,,=,=,=,,,,,,
204,NCc1cccc(NC(=O)c2cc(Cl)cc(NC(=O)OCc3ccccc3)c2)c1,ASAP-0016806,2.7,-4.045757490560675,,,,,,,,=,=,,,,,,,,
205,NCc1cccc(NC(=O)C[C@H](NC(=O)OCc2ccccc2)c2ccc(OCc3ccccc3)cc2)c1,ASAP-0016554,,-4.7447274948966935,1.255272505103306,,,,,,,,=,=,,,,,,,
206,O=C(Cc1cn[nH]c1)Nc1c[nH]c(=O)c2ccccc12,ASAP-0016485,0.1,-3.415668775632469,,,,,,,,=,=,,,,,,,,
207,Cc1cc(NC(=O)Nc2c[nH]c(=O)c3ccc(F)cc23)no1,ASAP-0016445,1.9,-4.267606240177032,1.130333768495006,2.113943352306837,,,,,,=,=,=,=,,,,,,
208,O=C1c2ccccc2[C@H](Cc2ccc(O)cc2)C(=O)N1Cc1ccc2c(c1)OCO2,ASAP-0016345,,-3.8728952016351923,2.625312450961674,2.7371926427047373,,,,,,,=,=,=,,,,,,
209,NCc1cccc(CNC(=O)[C@H](NC(=O)OCc2ccccc2)c2ccc(OCc3ccccc3)cc2)c1,ASAP-0016386,2.7,-4.102372908709558,0.6893088591236203,0.5717088318086876,,,,,,=,=,=,=,,,,,,
210,NCc1cccc(NC(=O)[C@H](NC(=O)OCc2ccccc2)C(C2CCC2)C2CCC2)c1,ASAP-0016242,2.5,,1.1335389083702174,,,,,,,=,,=,,,,,,,
211,c1ccc2sc(C3CCN(Cc4c[nH]c5ccccc45)CC3)nc2c1,ASAP-0016236,,-3.9208187539523753,1.5921767573958667,,,,,,,,=,=,,,,,,,
212,COc1ccc(CNC(=O)Nc2c[nH]c(=O)c3ccncc23)cn1,ASAP-0016164,0.7,-3.505845405981557,,,,,,,,=,=,,,,,,,,
213,O=C(NCc1ccccn1)Nc1c[nH]c(=O)c2cc(Cl)ccc12,ASAP-0016130,1.7,-3.8927900303521317,1.0934216851622351,1.4099331233312946,,,,,,=,=,=,=,,,,,,
214,NCc1cccc(NC(=O)[C@H](NC(=O)OCc2ccccc2)C2CCCCC2)c1,ASAP-0016121,2.0,,0.798650645445269,,,,,,,=,,=,,,,,,,
215,Cc1cc(CCCOc2c(C)cc(-c3noc(C(F)(F)F)n3)cc2C)on1,ASAP-0016304,4.2,-4.721246399047171,1.100370545117563,1.3521825181113625,,,,,,=,=,=,=,,,,,,
216,O=C(NCc1ccccn1)Nc1c[nH]c(=O)c2cccnc12,ASAP-0015907,0.9,-3.543633966870957,,,,,,,,=,=,,,,,,,,
217,COc1ccccc1NC(=O)Nc1c[nH]c(=O)c2ccccc12,ASAP-0015912,2.2,-4.853871964321762,1.2430380486862944,2.037426497940624,,,,,,=,=,=,=,,,,,,
218,CNC(=O)c1cc(Cl)c(F)cc1NS(=O)(=O)c1ccc(Oc2ccccc2Cl)cc1,ASAP-0015925,,-4.301029995663981,1.8591382972945307,1.6683859166900001,,,,,,,=,=,=,,,,,,
219,O=C(NCc1ccccn1)Nc1c[nH]c(=O)c2ccc(F)cc12,ASAP-0015920,1.0,-4.309803919971486,,1.1271047983648077,,,,,,=,=,,=,,,,,,
220,C[C@H](C(=O)O)[C@@H](NC(=O)c1ncnc2[nH]ccc12)c1ccc(Br)cc1,ASAP-0014722,0.6,-3.4449055514216806,0.6020599913279624,0.6989700043360189,,,,,,=,=,=,=,,,,,,
221,CCCC[C@H](NC(=O)OC(C)(C)C)C(=O)N[C@H](C(=O)NCc1ccc(CN)cc1)c1ccc(OCc2ccccc2)cc1,ASAP-0015892,,-3.8416375079047502,1.7558748556724915,0.9263424466256551,,,,,,,=,=,=,,,,,,
222,O=C(O)c1cc(Cl)ccc1NS(=O)(=O)c1ccc(Oc2ccccc2Cl)cc1,ASAP-0015682,3.0,-3.431798275933005,2.1931245983544616,1.146128035678238,,,,,,=,=,=,=,,,,,,
223,COc1ccc([C@H](Cc2nnn[nH]2)NC(=O)c2ncnc3[nH]ccc23)cc1,ASAP-0015381,-0.5,-3.4341521813264824,0.47712125471966244,0.9030899869919435,,,,,,=,=,=,=,,,,,,
224,c1ccc2c(CN3CCC(c4c[nH]c5cccnc45)CC3)c[nH]c2c1,ASAP-0015396,,,1.2304489213782739,,,,,,,,,=,,,,,,,
225,COc1cc(Cc2c(-c3ccc(F)cc3)noc2C)nc(N2CCNCC2)n1,ASAP-0015355,2.1,-3.486782399932061,1.2041199826559248,1.5314789170422551,,,,,,=,=,=,=,,,,,,
226,NCc1cccc(NC(=O)[C@@H](NC(=O)OCc2ccccc2)c2ccc(OCc3ccccc3)cc2)c1,ASAP-0015367,3.2,-4.619788758288394,1.0791812460476249,0.3010299956639812,,,,,,=,=,=,=,,,,,,
227,Nc1nnc2ccc(-c3ccc4c(c3)NCC(=O)N4)cn12,ASAP-0015169,0.8,-4.508638306165727,1.2201080880400552,1.631443769013172,,,,,,=,=,=,=,,,,,,
228,CNC(=O)c1cc(Cl)ccc1NS(=O)(=O)c1ccc(Oc2ccccc2Cl)cc1,ASAP-0014994,2.4,-4.585026652029182,2.0293837776852097,1.9777236052888478,,,,,,=,=,=,=,,,,,,
229,Cn1cc(NC(=O)NCc2ccccn2)c2cnccc2c1=O,ASAP-0014913,0.3,-3.421360790031928,0.7084209001347127,0.4885507165004443,,,,,,=,=,=,=,,,,,,
230,O=C(/C=C/c1ccccc1)C(=O)N1CCN(CCc2ccccc2)CC1,ASAP-0012944,3.3,-3.619788758288394,2.225309281725863,2.2600713879850747,,,,,,=,=,=,=,,,,,,
231,Cc1nccn1C[C@H](C)CNC(=O)c1ccc2c(c1)B(O)OC2,ASAP-0014807,0.2,,0.3010299956639812,1.1139433523068367,,,,,,=,,=,=,,,,,,
232,C[C@H]1CN(C[C@H](O)CNC(=O)c2ccc3c(c2)B(O)OC3)CCO1,ASAP-0014822,0.0,,0.9542425094393249,1.1760912590556813,,,,,,=,,=,=,,,,,,
233,CN1CCN(C)[C@H](CNC(=O)c2ccc3c(c2)B(O)OC3)C1,ASAP-0014818,-0.5,,1.1760912590556813,1.2304489213782739,,,,,,=,,=,=,,,,,,
234,O=C(c1ccc2c(c1)B(O)OC2)N1CCN[C@H](c2ccccc2)C1,ASAP-0014817,0.8,,0.6989700043360189,1.1139433523068367,,,,,,=,,=,=,,,,,,
235,O=C(C[C@H]1CCn2cncc2C1)Nc1cccc(B(O)O)c1,ASAP-0014813,1.1,,0.9542425094393249,0.8450980400142568,,,,,,=,,=,=,,,,,,
236,Cc1cc(NC(=O)Nc2c[nH]c(=O)c3ccccc23)no1,ASAP-0014761,1.6,-4.180456064458132,1.028977705208778,2.0791812460476247,,,,,,=,=,=,=,,,,,,
237,CN1CC[C@H](NC(=O)c2cccc(B(O)O)c2)[C@H]1c1ccc(Cl)cc1,ASAP-0014724,2.8,,1.3424226808222062,1.7323937598229686,,,,,,=,,=,=,,,,,,
238,CN(C(=O)c1ccc2c(c1)B(O)OC2)[C@H]1CCN(C2CC2)C1,ASAP-0014734,0.7,,1.2304489213782739,0.9542425094393249,,,,,,=,,=,=,,,,,,
239,O=C(Nc1cccc(B(O)O)c1)[C@H]1CCN2CCC[C@H]2C1,ASAP-0014739,0.3,-3.408935392973501,1.0,0.8450980400142568,,,,,,=,=,=,=,,,,,,
240,O=C(Nc1cccc(B(O)O)c1)[C@H]1CCN(Cc2ccccc2)C1,ASAP-0014731,1.9,,0.9030899869919435,1.4313637641589874,,,,,,=,,=,=,,,,,,
241,CN(C)C[C@H]1C[C@H](NC(=O)c2ccc3c(c2)B(O)OC3)C1,ASAP-0014809,,,0.7781512503836436,1.3010299956639813,,,,,,,,=,=,,,,,,
242,C[C@H]1CN(c2cncc3ccccc23)C(=O)[C@@]12CN(Cc1ccnnc1)C(=O)c1ccc(F)cc12,ASAP-0014613,1.2,,1.3010299956639813,1.7634279935629373,,,,,,=,,=,=,,,,,,
243,CNC(=O)CN1C[C@@]2(C(=O)N(c3cncc4ccccc34)C[C@@H]2CNc2ccc(Cl)nn2)c2cc(Cl)ccc2C1=O,ASAP-0014544,2.1,-3.4078232426041333,1.8512583487190752,1.8808135922807914,,,,,,=,=,=,=,,,,,,
244,CNC(=O)CN1C[C@@]2(C(=O)N(c3cncc4ccccc34)C[C@@H]2CNc2cncs2)c2cc(Cl)ccc2C1=O,ASAP-0013892,1.8,-3.4001169279263124,1.6020599913279623,1.8920946026904804,,,,,,=,=,=,=,,,,,,
245,C[C@H]1CN(c2cncc3ccccc23)C(=O)[C@@]12CN(CCN1CCN(S(C)(=O)=O)CC1)C(=O)c1ccc(Cl)cc12,ASAP-0013898,1.8,-3.423658649794207,2.376576957056512,2.376576957056512,,,,,,=,=,=,=,,,,,,
246,O=C1c2ccc(Cl)cc2[C@@]2(CN1CCN1CCOCC1)C(=O)N(c1cncc3ccccc13)C[C@@H]2CNc1ncccn1,ASAP-0013925,1.9,-3.416801226031377,2.037426497940624,2.1271047983648077,,,,,,=,=,=,=,,,,,,
247,CCNC(=O)c1cc2c(N[C@H](c3ccc4c(c3)OCCO4)C(C)C)ncnc2[nH]1,ASAP-0013827,3.6,-4.853871964321762,3.124178055474675,1.863322860120456,,,,,,=,=,=,=,,,,,,
248,CNC(=O)CN1C[C@@]2(C(=O)N(c3cncc4ccccc34)C[C@@H]2CNc2scnc2C)c2cc(Cl)ccc2C1=O,ASAP-0013814,2.1,-3.415668775632469,1.255272505103306,1.5314789170422551,,,,,,=,=,=,=,,,,,,
249,CCNC(=O)c1cc2c(N[C@H](c3ccc4c(c3)OCCO4)C(C)C)ncnc2[nH]1,ASAP-0013824,3.6,-3.578396073130169,1.8325089127062364,1.6901960800285136,,,,,,=,=,=,=,,,,,,
250,CC(C)[C@H](Nc1ncnc2[nH]c(-c3cnn(CC(=O)N(C)C)c3)cc12)c1ccc2c(c1)OCCO2,ASAP-0013833,2.9,-4.698970004336019,2.699837725867246,1.5563025007672873,,,,,,=,=,=,=,,,,,,
251,CC(C)[C@H](Nc1ncnc2[nH]c(-c3cnn(CC(=O)N(C)C)c3)cc12)c1ccc2c(c1)OCCO2,ASAP-0013837,3.0,-3.6861327796308467,2.037426497940624,1.662757831681574,,,,,,=,=,=,=,,,,,,
252,CC(C)[C@H](Nc1ncnc2[nH]c(-c3cnn(CC(=O)N(C)C)c3)cc12)c1ccc2c(c1)S(=O)(=O)CCC2,ASAP-0013747,2.2,-3.5900668766687054,2.4742162640762553,1.505149978319906,,,,,,=,=,=,=,,,,,,
253,CC(C)[C@H](Nc1ncnc2[nH]c(-c3cnn(CC(=O)N(C)C)c3)cc12)c1ccc2c(c1)S(=O)(=O)CCC2,ASAP-0013744,2.2,-3.441291429466834,1.968482948553935,2.0969100130080562,,,,,,=,=,=,=,,,,,,
254,CNC(=O)CN1C[C@@]2(C(=O)N(c3cncc4ccccc34)C[C@@H]2CS(=O)(=O)NC)c2cc(Cl)ccc2C1=O,ASAP-0013717,1.3,,1.9242792860618816,1.845098040014257,,,,,,=,,=,=,,,,,,
255,COc1ccc(C(=O)Nc2cccc(/C=C3/C(=O)NC(=O)c4ccccc43)c2)cc1,ASAP-0013646,3.6,-4.619788758288394,2.2576785748691846,2.1072099696478683,,,,,,=,=,=,=,,,,,,
256,Cc1cc(CN2C[C@@]3(C(=O)N(c4cncc5ccccc45)C[C@@H]3C)c3cc(F)ccc3C2=O)on1,ASAP-0013722,2.1,-3.4056074496245734,1.9084850188786497,2.3820170425748683,,,,,,=,=,=,=,,,,,,
257,C[C@H]1CN(c2cncc3ccccc23)C(=O)[C@@]12CN(Cc1nnnn1C)C(=O)c1ccc(F)cc12,ASAP-0013721,1.5,-3.4282911681913126,1.7708520116421442,2.2380461031287955,,,,,,=,=,=,=,,,,,,
258,C[C@H]1CN(c2cncc3ccccc23)C(=O)[C@@]12CN(Cc1nccn1C)C(=O)c1ccc(F)cc12,ASAP-0013720,2.0,-3.422508200162775,2.292256071356476,2.546542663478131,,,,,,=,=,=,=,,,,,,
259,C[C@H]1CN(c2cncc3ccccc23)C(=O)[C@@]12CN(CC#N)C(=O)c1ccc(F)cc12,ASAP-0013719,1.7,-3.424812155072339,1.9344984512435677,1.9294189257142926,,,,,,=,=,=,=,,,,,,
260,CNC(=O)CN1C[C@@]2(C(=O)N(c3cncc4ccccc34)C[C@@H]2Cn2ncnn2)c2cc(Cl)ccc2C1=O,ASAP-0013718,1.1,-3.4111682744057927,1.6532125137753437,1.6720978579357175,,,,,,=,=,=,=,,,,,,
261,CNC(=O)CN1C[C@@]2(C(=O)N(c3cncc4ccccc34)C[C@@H]2CNc2cnc(C)s2)c2cc(Cl)ccc2C1=O,ASAP-0013716,1.9,-3.402304814074488,1.4313637641589874,1.9590413923210936,,,,,,=,=,=,=,,,,,,
262,CCn1nccc1CN1C[C@@]2(C(=O)N(c3cncc4ccccc34)C[C@@H]2C)c2cc(F)ccc2C1=O,ASAP-0013398,2.3,-3.421360790031928,2.4099331233312946,2.645422269349092,,,,,,=,=,=,=,,,,,,
263,C[C@H]1CN(c2cncc3ccccc23)C(=O)[C@@]12CN(Cc1ccnn1C)C(=O)c1ccc(F)cc12,ASAP-0013413,2.0,,2.12057393120585,2.5490032620257876,,,,,,=,,=,=,,,,,,
264,C[C@H]1CN(c2cncc3ccccc23)C(=O)[C@@]12CN(Cc1c[nH]nn1)C(=O)c1ccc(F)cc12,ASAP-0013412,1.7,-3.408935392973501,1.0791812460476249,1.792391689498254,,,,,,=,=,=,=,,,,,,
265,CNC(=O)CN1C[C@@]2(C(=O)N(c3cncc4ccccc34)C[C@@H]2Cn2cccn2)c2cc(Cl)ccc2C1=O,ASAP-0013405,1.9,,1.7160033436347992,1.9242792860618816,,,,,,=,,=,=,,,,,,
266,CNCCN1C[C@@]2(C(=O)N(c3cncc4ccccc34)C[C@@H]2C)c2cc(F)ccc2C1=O,ASAP-0013407,0.0,-3.401209493236885,0.6020599913279624,0.47712125471966244,,,,,,=,=,=,=,,,,,,
267,C[C@H]1CN(c2cncc3ccccc23)C(=O)[C@@]12CN(Cc1cocn1)C(=O)c1ccc(F)cc12,ASAP-0013414,1.9,,1.9344984512435677,2.4456042032735974,,,,,,=,,=,=,,,,,,
268,Cc1cnc(CN2C[C@@]3(C(=O)N(c4cncc5ccccc45)C[C@@H]3C)c3cc(F)ccc3C2=O)cn1,ASAP-0013423,2.0,-3.425968732272281,2.1398790864012365,2.376576957056512,,,,,,=,=,=,=,,,,,,
269,CNC(=O)CN1C[C@@]2(C(=O)N(c3cncc4ccccc34)C[C@@H]2CS(=O)(=O)NC)c2cc(F)ccc2C1=O,ASAP-0013303,0.7,,1.5314789170422551,1.4771212547196624,,,,,,=,,=,=,,,,,,
270,CNC(=O)CN1C[C@@]2(C(=O)N(c3cncc4ccccc34)C[C@@H]2CS(=O)(=O)N(C)C)c2cc(Cl)ccc2C1=O,ASAP-0013302,1.6,-3.416801226031377,2.290034611362518,2.093421685162235,,,,,,=,=,=,=,,,,,,
271,Cn1nnc(CN2C[C@]3(CCN(c4cncc5ccccc45)C3=O)c3cc(Cl)ccc3C2=O)n1,ASAP-0013311,1.9,,1.4771212547196624,1.9912260756924949,,,,,,=,,=,=,,,,,,
272,Cn1cnc(CN2C[C@]3(CCN(c4cncc5ccccc45)C3=O)c3cc(Cl)ccc3C2=O)n1,ASAP-0013308,1.6,,1.4313637641589874,1.7160033436347992,,,,,,=,,=,=,,,,,,
273,Cn1ccc(CN2C[C@]3(CCN(c4cncc5ccccc45)C3=O)c3cc(Cl)ccc3C2=O)n1,ASAP-0013306,2.4,-3.406713932979543,1.919078092376074,2.4899584794248346,,,,,,=,=,=,=,,,,,,
274,Cn1nnnc1CN1C[C@]2(CCN(c3cncc4ccccc34)C2=O)c2cc(Cl)ccc2C1=O,ASAP-0013313,1.9,-3.408935392973501,2.103803720955957,2.765668554759014,,,,,,=,=,=,=,,,,,,
275,Cn1nnc(CN2C[C@]3(CCN(c4cncc5ccccc45)C3=O)c3cc(Cl)ccc3C2=O)n1,ASAP-0013310,1.9,,1.8920946026904804,2.357934847000454,,,,,,=,,=,=,,,,,,
276,Cn1cnc(CN2C[C@]3(CCN(c4cncc5ccccc45)C3=O)c3cc(Cl)ccc3C2=O)n1,ASAP-0013309,1.6,-3.416801226031377,1.7323937598229686,1.8692317197309762,,,,,,=,=,=,=,,,,,,
277,Cn1ccc(CN2C[C@]3(CCN(c4cncc5ccccc45)C3=O)c3cc(Cl)ccc3C2=O)n1,ASAP-0013307,2.4,-3.408935392973501,2.383815365980431,2.413299764081252,,,,,,=,=,=,=,,,,,,
278,C[C@H]1CN(c2cncc3ccccc23)C(=O)[C@@]12CN(Cc1nc[nH]n1)C(=O)c1ccc(F)cc12,ASAP-0013305,1.3,,0.47712125471966244,1.3010299956639813,,,,,,=,,=,=,,,,,,
279,C[C@H]1CN(c2cncc3ccccc23)C(=O)[C@@]12CN(Cc1cc(O)ncn1)C(=O)c1ccc(F)cc12,ASAP-0013304,0.8,,0.47712125471966244,1.0791812460476249,,,,,,=,,=,=,,,,,,
280,CNC(=O)CN1C[C@@]2(C(=O)N(c3cncc4ccccc34)C[C@@H]2CNc2ccncn2)c2cc(Cl)ccc2C1=O,ASAP-0013300,1.6,,1.6532125137753437,1.7403626894942439,,,,,,=,,=,=,,,,,,
281,CNC(=O)CN1C[C@@]2(C(=O)N(c3cncc4ccccc34)C[C@@H]2CNc2cnccn2)c2cc(Cl)ccc2C1=O,ASAP-0013301,1.9,,1.8260748027008264,2.0043213737826426,,,,,,=,,=,=,,,,,,
282,Cn1nnnc1CN1C[C@]2(CCN(c3cncc4ccccc34)C2=O)c2cc(Cl)ccc2C1=O,ASAP-0013312,1.9,-3.3990271043132516,1.7634279935629373,2.113943352306837,,,,,,=,=,=,=,,,,,,
283,CC(C)[C@H](Nc1ncnc2[nH]c(-c3cnn(C)c3C#N)cc12)c1ccc2c(c1)NC(=O)CO2,ASAP-0013256,3.4,-4.698970004336019,1.724275869600789,2.1702617153949575,,,,,,=,=,=,=,,,,,,
284,C[C@H]1CN(c2cncc3ccccc23)C(=O)[C@@]12CN(Cc1ncc[nH]1)C(=O)c1ccc(F)cc12,ASAP-0013274,2.1,-3.4271283977995197,1.9590413923210936,2.5010592622177517,,,,,,=,=,=,=,,,,,,
285,C[C@H]1CN(c2cncc3ccccc23)C(=O)[C@@]12CN(Cc1ccn[nH]1)C(=O)c1ccc(F)cc12,ASAP-0013273,2.0,-3.4001169279263124,1.6532125137753437,2.214843848047698,,,,,,=,=,=,=,,,,,,
286,C=CC(=O)N1CCCc2c1cccc2N(Cc1cccc(Cl)c1)C(=O)Cc1cncc2ccccc12,ASAP-0013249,3.3,-4.346787486224656,3.209783014848515,3.1646502159342966,,,,,,=,=,=,=,,,,,,
287,CNC(=O)CN1C[C@@]2(C(=O)N(c3cncc4ccccc34)C[C@@H]2CNc2ccccc2)c2cc(Cl)ccc2C1=O,ASAP-0013265,3.0,-3.853871964321762,2.578639209968072,2.6954816764901977,,,,,,=,=,=,=,,,,,,
288,CNC(=O)CN1C[C@@]2(C(=O)N(c3cncc4ccccc34)C[C@@H]2CNc2cnn(C)c2)c2cc(Cl)ccc2C1=O,ASAP-0013266,1.2,-3.423658649794207,1.8260748027008264,1.9590413923210936,,,,,,=,=,=,=,,,,,,
289,CNC(=O)CN1C[C@@]2(C(=O)N(c3cncc4ccccc34)C[C@@H]2Cc2nn[nH]n2)c2cc(Cl)ccc2C1=O,ASAP-0013268,-0.7,-3.425968732272281,1.0413926851582251,0.9030899869919435,,,,,,=,=,=,=,,,,,,
290,C[C@H]1CN(c2cncc3ccccc23)C(=O)[C@@]12CN(Cc1c[nH]cn1)C(=O)c1ccc(F)cc12,ASAP-0013272,1.8,-3.4111682744057927,1.3010299956639813,1.9637878273455553,,,,,,=,=,=,=,,,,,,
291,CC(C)[C@H](Nc1ncnc2[nH]c(-c3cnn(C)c3C#N)cc12)c1ccc2c(c1)NC(=O)CO2,ASAP-0013255,4.4,-4.568636235841013,2.0644579892269186,1.9138138523837167,,,,,,=,=,=,=,,,,,,
292,CC(C)[C@H](Nc1ncnc2[nH]c(-c3cnn(C)c3)cc12)c1ccc2c(c1)S(=O)(=O)CCC2,ASAP-0012329,3.2,-3.9507819773298185,2.6085260335771943,2.1492191126553797,,,,,,=,=,=,=,,,,,,
293,CC(C)[C@H](Nc1ncnc2[nH]c(-c3cnn(C)c3)cc12)c1ccc2c(c1)S(=O)(=O)CCC2,ASAP-0012327,2.9,-3.9507819773298185,2.230448921378274,2.4082399653118496,,,,,,=,=,=,=,,,,,,
294,CC(C)(C)[C@H](Nc1ncnc2[nH]c(-c3cnn(CC(N)=O)c3)cc12)c1ccc2c(c1)OCCO2,ASAP-0012330,3.0,-4.045757490560675,2.187520720836463,1.6532125137753437,,,,,,=,=,=,=,,,,,,
295,CCNC(=O)c1cc2c(N[C@H](c3ccc4c(c3)S(=O)(=O)CCC4)C(C)C)ncnc2[nH]1,ASAP-0012325,2.7,-3.4710832997223453,2.041392685158225,1.8129133566428555,,,,,,=,=,=,=,,,,,,
296,CCNC(=O)c1cc2c(N[C@H](c3ccc4c(c3)S(=O)(=O)CCO4)C(C)C)ncnc2[nH]1,ASAP-0012317,2.9,-3.4828041020500256,1.8129133566428555,1.4313637641589874,,,,,,=,=,=,=,,,,,,
297,CC(C)[C@H](Nc1ncnc2[nH]c(-c3cncc(S(C)(=O)=O)c3)cc12)c1ccc2c(c1)S(=O)(=O)CCC2,ASAP-0012320,3.1,-4.494850021680094,2.803457115648414,2.436162647040756,,,,,,=,=,=,=,,,,,,
298,CC(C)[C@H](Nc1ncnc2[nH]ccc12)c1ccc2c(c1)S(=O)(=O)CCO2,ASAP-0012318,2.6,-3.4282911681913126,1.2787536009528289,1.845098040014257,,,,,,=,=,=,=,,,,,,
299,CC(C)[C@H](Nc1ncnc2[nH]c(C(=O)N[C@H]3CCN(C)C3)cc12)c1ccc2c(c1)S(=O)(=O)CCC2,ASAP-0012334,1.4,-3.401209493236885,1.0791812460476249,0.3010299956639812,,,,,,=,=,=,=,,,,,,
300,CC(C)(C)[C@H](Nc1ncnc2[nH]c(-c3cnn(CC(N)=O)c3)cc12)c1ccc2c(c1)OCCO2,ASAP-0012332,3.1,-3.978810700930062,2.0043213737826426,1.6020599913279623,,,,,,=,=,=,=,,,,,,
301,CNCCN1C[C@@]2(C(=O)N(c3cncc4ccccc34)C[C@@H]2C)c2cc(Cl)ccc2C1=O,ASAP-0012337,0.7,-3.3990271043132516,0.6989700043360189,0.6020599913279624,,,,,,=,=,=,=,,,,,,
302,CC(C)[C@H](Nc1ncnc2[nH]c(C(=O)N[C@H]3CCN(C)C3)cc12)c1ccc2c(c1)S(=O)(=O)CCC2,ASAP-0012336,1.5,-3.4056074496245734,1.4313637641589874,0.6989700043360189,,,,,,=,=,=,=,,,,,,
303,CNC(=O)c1cccc(-c2cc3c(N[C@H](c4ccc5c(c4)S(=O)(=O)CCC5)C(C)C)ncnc3[nH]2)c1,ASAP-0012338,3.8,-4.853871964321762,2.873320601815399,2.296665190261531,,,,,,=,=,=,=,,,,,,
304,CNC(=O)c1cc2c(N[C@H](c3ccc4c(c3)S(=O)(=O)CCC4)C(C)C)ncnc2[nH]1,ASAP-0012340,2.3,-3.425968732272281,1.8325089127062364,1.6812412373755872,,,,,,=,=,=,=,,,,,,
305,CNC(=O)c1cccc(-c2cc3c(N[C@H](c4ccc5c(c4)S(=O)(=O)CCC5)C(C)C)ncnc3[nH]2)c1,ASAP-0012344,3.7,-4.795880017344075,2.658964842664435,2.9459607035775686,,,,,,=,=,=,=,,,,,,
306,CNC(=O)c1cc2c(N[C@H](c3ccc4c(c3)S(=O)(=O)CCC4)C(C)C)ncnc2[nH]1,ASAP-0012346,2.4,-3.4001169279263124,2.8344207036815328,1.380211241711606,,,,,,=,=,=,=,,,,,,
307,CO[C@@H](C)CN1C[C@@]2(C(=O)N(c3cncc4ccccc34)C[C@@H]2C)c2cc(F)ccc2C1=O,ASAP-0012339,2.0,,1.9444826721501687,2.5705429398818973,,,,,,=,,=,=,,,,,,
308,CO[C@@H](C)CN1C[C@@]2(C(=O)N(c3cncc4ccccc34)C[C@@H]2C)c2cc(Cl)ccc2C1=O,ASAP-0012331,2.6,-3.4100503986742923,2.2329961103921536,2.8615344108590377,,,,,,=,=,=,=,,,,,,
309,CNC(=O)[C@@H](C)N1C[C@@]2(C(=O)N(c3cncc4ccccc34)C[C@@H]2C)c2cc(Cl)ccc2C1=O,ASAP-0012333,2.1,-3.425968732272281,1.6901960800285136,2.1072099696478683,,,,,,=,=,=,=,,,,,,
310,CC(C)[C@H](Nc1ncnc2[nH]c(-c3cnn(CC(N)=O)c3)cc12)c1ccc2c(n1)OCCO2,ASAP-0012307,2.3,-3.422508200162775,1.1139433523068367,0.7781512503836436,,,,,,=,=,=,=,,,,,,
311,CC(C)[C@H](Nc1ncnc2[nH]c(-c3cnn(CC(N)=O)c3)cc12)c1ccc2c(n1)OCCO2,ASAP-0012315,2.4,-3.402304814074488,1.2787536009528289,1.0,,,,,,=,=,=,=,,,,,,
312,CCNC(=O)c1cc2c(N[C@H](c3ccc4c(c3)S(=O)(=O)CCC4)C(C)C)ncnc2[nH]1,ASAP-0012349,2.8,-3.4989407377822483,2.9508514588885464,1.7403626894942439,,,,,,=,=,=,=,,,,,,
313,C[C@H]1CN(c2cncc3ccccc23)C(=O)[C@@]12CN(CCN1CCOCC1)C(=O)c1ccc(Cl)cc12,ASAP-0011513,1.8,-3.413412695328245,2.2380461031287955,2.56702636615906,,,,,,=,=,=,=,,,,,,
314,CC(C)[C@H](Nc1ncnc2[nH]c(-c3cnn(CC(N)=O)c3)cc12)c1ccc2c(c1)S(=O)(=O)CCC2,ASAP-0011428,2.1,-3.469800301796918,2.3820170425748683,1.6020599913279623,,,,,,=,=,=,=,,,,,,
315,Cc1nn(C)cc1-c1cc2c(N[C@H](c3ccc4c(c3)S(=O)(=O)CCC4)C(C)C)ncnc2[nH]1,ASAP-0011448,3.4,-4.1938200260161125,2.401400540781544,2.5921767573958667,,,,,,=,=,=,=,,,,,,
316,Cc1nn(C)cc1-c1cc2c(N[C@H](c3ccc4c(c3)S(=O)(=O)CCC4)C(C)C)ncnc2[nH]1,ASAP-0011446,3.1,-4.180456064458132,2.437750562820388,2.307496037913213,,,,,,=,=,=,=,,,,,,
317,CC(C)[C@H](Nc1ncnc2[nH]c(-c3cnn(CC(N)=O)c3)cc12)c1ccc2c(c1)S(=O)(=O)CCC2,ASAP-0011432,2.0,-3.473660722610156,2.0644579892269186,1.9867717342662448,,,,,,=,=,=,=,,,,,,
318,CNC(=O)[C@@H](C)N1C[C@@]2(C(=O)N(c3cncc4ccccc34)C[C@@H]2C)c2cc(F)ccc2C1=O,ASAP-0011528,1.6,-3.4111682744057927,1.0791812460476249,1.7853298350107671,,,,,,=,=,=,=,,,,,,
319,CNC(=O)CN1C[C@@]2(C(=O)N(c3cncc4ccccc34)C[C@@H]2CC#N)c2cc(Cl)ccc2C1=O,ASAP-0011430,1.1,-3.4559319556497243,1.5797835966168101,1.6720978579357175,,,,,,=,=,=,=,,,,,,
320,C[C@H]1CN(c2cncc3ccccc23)C(=O)[C@@]12CN(CCN1CCOCC1)C(=O)c1ccc(F)cc12,ASAP-0011445,1.4,-3.4056074496245734,1.9867717342662448,2.220108088040055,,,,,,=,=,=,=,,,,,,
321,C[C@H]1CN(c2cncc3ccccc23)C(=O)[C@@]12CN(Cc1cn[nH]c1)C(=O)c1ccc(F)cc12,ASAP-0011485,1.8,,1.4471580313422192,2.828015064223977,,,,,,=,,=,=,,,,,,
322,CNC(=O)C1(N2C[C@@]3(C(=O)N(c4cncc5ccccc45)C[C@@H]3C)c3cc(F)ccc3C2=O)CC1,ASAP-0011359,1.2,,1.2041199826559248,1.6434526764861874,,,,,,=,,=,=,,,,,,
323,CNC(=O)CN1C[C@@]2(C(=O)N(c3cncc4ccccc34)C[C@@H]2Cn2ccnn2)c2cc(F)ccc2C1=O,ASAP-0011358,0.5,,1.0791812460476249,1.1139433523068367,,,,,,=,,=,=,,,,,,
324,CCNC(=O)CN1C[C@@]2(C(=O)N(c3cncc4ccccc34)C[C@@H]2C)c2cc(F)ccc2C1=O,ASAP-0011343,1.5,,1.8195439355418688,2.367355921026019,,,,,,=,,=,=,,,,,,
325,CNCc1cc(-c2cc3c(N[C@H](c4ccc5c(c4)S(=O)(=O)NCC5)C(C)C)ncnc3[nH]2)co1,ASAP-0011243,1.9,-3.4282911681913126,1.6720978579357175,1.6334684555795864,,,,,,=,=,=,=,,,,,,
326,CC(C)[C@H](Nc1ncnc2[nH]cc(C(=O)NC3CC3)c12)c1ccc2c(c1)S(=O)(=O)CCC2,ASAP-0011247,3.0,-4.698970004336019,0.7781512503836436,1.6334684555795864,,,,,,=,=,=,=,,,,,,
327,CNC(=O)CN1C[C@@]2(C(=O)N(c3cncc4ccccc34)C[C@@H]2CS(C)(=O)=O)c2cc(F)ccc2C1=O,ASAP-0011414,0.4,,1.3424226808222062,1.0,,,,,,=,,=,=,,,,,,
328,CC1CCC2(CC1)CCN(C(=O)Cc1cncc3ccccc13)C2,ASAP-0011408,3.8,-3.413412695328245,2.5403294747908736,2.3560258571931225,,,,,,=,=,=,=,,,,,,
329,C[C@H]1CN(c2cncc3ccccc23)C(=O)[C@@]12CN(CC(=O)NC1CCC1)C(=O)c1ccc(Cl)cc12,ASAP-0011185,2.5,-3.4400933749638876,2.8926510338773004,2.983175072037813,,,,,,=,=,=,=,,,,,,
330,CNCc1cc(-c2cc3c(N[C@H](c4ccc5c(c4)S(=O)(=O)CCC5)C(C)C)ncnc3[nH]2)co1,ASAP-0011176,2.2,-3.4609239012072233,2.1271047983648077,1.7403626894942439,,,,,,=,=,=,=,,,,,,
331,CNC(=O)c1c[nH]c2ncnc(N[C@H](c3ccc4c(c3)S(=O)(=O)CCC4)C(C)C)c12,ASAP-0011156,2.6,-3.688246138944246,2.037426497940624,2.0569048513364727,,,,,,=,=,=,=,,,,,,
332,CC(C)[C@H](Nc1ncnc2[nH]c(-c3cnn(C)c3C#N)cc12)c1ccc2c(c1)S(=O)(=O)CCC2,ASAP-0011144,3.3,-4.638272163982407,2.971275848738105,2.494154594018443,,,,,,=,=,=,=,,,,,,
333,CC(C)[C@H](Nc1ncnc2[nH]c(-c3cnn(C)c3C#N)cc12)c1ccc2c(c1)S(=O)(=O)CCC2,ASAP-0011147,3.7,-4.568636235841013,2.7134905430939424,2.8512583487190755,,,,,,=,=,=,=,,,,,,
334,CNC(=O)c1c[nH]c2ncnc(N[C@H](c3ccc4c(c3)S(=O)(=O)CCC4)C(C)C)c12,ASAP-0011153,2.7,-3.4723700991286615,2.413299764081252,2.8870543780509568,,,,,,=,=,=,=,,,,,,
335,CNC(=O)Cn1cc(-c2cc3c(N[C@H](c4ccc5c(c4)S(=O)(=O)CCC5)C(C)C)ncnc3[nH]2)cn1,ASAP-0011171,2.4,-3.489454989793388,1.968482948553935,2.0492180226701815,,,,,,=,=,=,=,,,,,,
336,CC(C)(C)[C@H](Nc1ncnc2[nH]c(-c3cnn(CC(N)=O)c3)cc12)c1ccc2c(n1)OCCO2,ASAP-0011159,2.7,-3.4282911681913126,1.4471580313422192,1.0413926851582251,,,,,,=,=,=,=,,,,,,
337,CC(C)[C@H](Nc1ncnc2[nH]cc(C(=O)NC3CC3)c12)c1ccc2c(c1)S(=O)(=O)CCC2,ASAP-0011207,3.2,-3.6635402661514704,2.6127838567197355,3.240798771117331,,,,,,=,=,=,=,,,,,,
338,CC(C)[C@H](Nc1ncnc2[nH]c(-c3cnn(C)c3C#N)cc12)c1ccc2c(n1)NC(=O)CO2,ASAP-0011180,3.7,-4.5376020021010435,1.7160033436347992,2.278753600952829,,,,,,=,=,=,=,,,,,,
339,CNC(=O)Cn1cc(-c2cc3c(N[C@H](c4ccc5c(c4)S(=O)(=O)CCC5)C(C)C)ncnc3[nH]2)cn1,ASAP-0011184,2.3,-3.530177984021837,2.376576957056512,1.6532125137753437,,,,,,=,=,=,=,,,,,,
340,CC(C)[C@H](Nc1ncnc2[nH]c(-c3cnn(C)c3)cc12)c1ccc2c(c1)S(=O)(=O)NCC2,ASAP-0011192,3.2,-3.9746941347352296,2.0827853703164503,1.9444826721501687,,,,,,=,=,=,=,,,,,,
341,CC(C)[C@H](Nc1ncnc2[nH]c(C(=O)N[C@@H]3CCN(C)C3)cc12)c1ccc2c(c1)S(=O)(=O)CCC2,ASAP-0011196,1.4,-3.4353339357479107,0.6020599913279624,0.6020599913279624,,,,,,=,=,=,=,,,,,,
342,CC(C)[C@H](Nc1ncnc2[nH]c(C(=O)N[C@@H]3CCN(C)C3)cc12)c1ccc2c(c1)S(=O)(=O)CCC2,ASAP-0011198,1.6,-3.4056074496245734,1.3222192947339193,1.0791812460476249,,,,,,=,=,=,=,,,,,,
343,CC(C)[C@H](Nc1ncnc2[nH]c(-c3ccc4nnn(C)c4c3)cc12)c1ccc2c(c1)S(=O)(=O)CCC2,ASAP-0011201,3.4,-5.154901959985743,2.8767949762007006,2.342422680822206,,,,,,=,=,=,=,,,,,,
344,CC(C)[C@H](Nc1ncnc2[nH]c(-c3ccc4cncn4c3)cc12)c1ccc2c(c1)S(=O)(=O)CCC2,ASAP-0011215,4.0,-4.823908740944319,2.3242824552976926,2.2329961103921536,,,,,,=,=,=,=,,,,,,
345,CC(C)[C@H](Nc1ncnc2[nH]c(-c3cnn(C)c3C#N)cc12)c1ccc2c(n1)NC(=O)CO2,ASAP-0011177,3.7,-4.5376020021010435,2.1398790864012365,2.12057393120585,,,,,,=,=,=,=,,,,,,
346,CC(C)(C)[C@H](Nc1ncnc2[nH]c(-c3cnn(CC(N)=O)c3)cc12)c1ccc2c(n1)OCCO2,ASAP-0011162,2.9,-3.4078232426041333,1.6334684555795864,1.4913616938342726,,,,,,=,=,=,=,,,,,,
347,Cn1ncc(-c2cc3c(N[C@H](c4ccc5c(n4)OCCO5)C(C)(C)C)ncnc3[nH]2)c1C#N,ASAP-0011221,3.3,-4.6020599913279625,2.4533183400470375,2.3560258571931225,,,,,,=,=,=,=,,,,,,
348,CNCc1cc(-c2cc3c(N[C@H](c4ccc5c(c4)S(=O)(=O)CCC5)C(C)C)ncnc3[nH]2)co1,ASAP-0011169,2.1,-3.4449055514216806,1.8325089127062364,1.6127838567197355,,,,,,=,=,=,=,,,,,,
349,CNC(=O)c1cc2c(N[C@H](c3ccc4c(c3)NC(=O)CO4)C(C)C)ncnc2[nH]1,ASAP-0011219,2.9,-3.4190750243243806,2.24551266781415,1.5314789170422551,,,,,,=,=,=,=,,,,,,
350,C[C@H]1CN(c2cncc3ccccc23)C(=O)[C@@]12CN(CC(=O)NCC1(F)CC1)C(=O)c1ccc(F)cc12,ASAP-0011125,1.7,,2.089905111439398,2.6875289612146345,,,,,,=,,=,=,,,,,,
351,CCNC(=O)c1cc2c(N[C@H](c3ccc4c(c3)S(=O)(=O)NCC4)C(C)C)ncnc2[nH]1,ASAP-0011076,2.6,-3.462180904926726,1.9344984512435677,1.662757831681574,,,,,,=,=,=,=,,,,,,
352,C[C@H]1CN(c2cncc3ccccc23)C(=O)[C@@]12CN(CC(=O)NCC1CC1)C(=O)c1ccc(F)cc12,ASAP-0011059,1.9,-3.4306260903849544,2.4683473304121573,2.9206450014067875,,,,,,=,=,=,=,,,,,,
353,CCNC(=O)CN1C[C@@]2(C(=O)N(c3cncc4ccccc34)C[C@@H]2C)c2cc(Cl)ccc2C1=O,ASAP-0011052,1.8,-3.422508200162775,1.9084850188786497,2.5998830720736876,,,,,,=,=,=,=,,,,,,
354,CC(C)[C@@H](Nc1ncnc2[nH]c(-c3cnn(C)c3C#N)cc12)c1ccc2c(c1)OCCO2,ASAP-0011033,3.4,-4.6777807052660805,1.6812412373755872,2.113943352306837,,,,,,=,=,=,=,,,,,,
355,CN1C(=O)c2ccc(Cl)cc2[C@]12CCCN(c1cncc3ccccc13)C2=O,ASAP-0011036,1.5,-3.423658649794207,1.2304489213782739,1.6434526764861874,,,,,,=,=,=,=,,,,,,
356,Cc1ccccc1OCC(=O)Nc1cncc(-c2cnc3[nH]ccc3c2)c1,ASAP-0010877,,-5.154901959985743,2.0569048513364727,,,,,,,,=,=,,,,,,,
357,CC(C)[C@H](Nc1ncnc2[nH]c(-c3cnn(C)c3C#N)cc12)c1ccc2c(c1)OCCO2,ASAP-0010980,3.3,-4.795880017344075,2.8494194137968996,2.41161970596323,,,,,,=,=,=,=,,,,,,
358,CC(C)[C@H](Nc1ncnc(N)c1Cl)c1ccc2c(c1)S(=O)(=O)CCC2,ASAP-0010739,2.4,,1.9030899869919435,2.311753861055754,,,,,,=,,=,=,,,,,,
359,CN[C@H](C)CN1C[C@H](C(=O)Nc2cncc3ccccc23)c2cc(Cl)ccc2C1=O,ASAP-0010740,0.8,-3.424812155072339,1.1760912590556813,1.6901960800285136,,,,,,=,=,=,=,,,,,,
360,COc1ccc([C@H](NC(=O)c2ncnc3[nH]ccc23)C(C)c2nnn[nH]2)cc1,ASAP-0010744,0.0,,0.47712125471966244,0.3010299956639812,,,,,,=,,=,=,,,,,,
361,CNCc1cc(-c2cc3c(N[C@H](c4ccc5c(c4)S(=O)(=O)CCC5)C(C)C)ncnc3[nH]2)co1,ASAP-0010745,2.1,-3.492144128304169,1.7634279935629373,1.724275869600789,,,,,,=,=,=,=,,,,,,
362,CC(C)[C@H](Nc1ncnc2[nH]c(-c3cnn(C)c3C#N)cc12)c1ccc2c(n1)OCCO2,ASAP-0010715,3.7,-4.267606240177032,1.255272505103306,1.9138138523837167,,,,,,=,=,=,=,,,,,,
363,CC(C)[C@H](Nc1ncnc2[nH]c(-c3cnn(C)c3C#N)cc12)c1ccc2c(n1)OCCO2,ASAP-0010716,3.9,-4.292429823902063,2.568201724066995,2.5705429398818973,,,,,,=,=,=,=,,,,,,
364,CNC(=O)Cn1cc(-c2cc3c(N[C@H](c4ccc5c(c4)S(=O)(=O)CCC5)C(C)C)ncnc3[nH]2)cn1,ASAP-0010723,2.4,-3.5128616245228135,1.9777236052888478,1.8920946026904804,,,,,,=,=,=,=,,,,,,
365,CO[C@@H](C)CN1C[C@H](C(=O)Nc2cncc3ccccc23)c2cc(Cl)ccc2C1=O,ASAP-0010712,2.2,-3.423658649794207,2.060697840353612,2.7466341989375787,,,,,,=,=,=,=,,,,,,
366,CCNC(=O)c1cc2c(N[C@H](c3ccc4c(c3)S(=O)(=O)CCC4)C(C)C)ncnc2[nH]1,ASAP-0008711,2.8,-3.4723700991286615,2.037426497940624,1.9344984512435677,,,,,,=,=,=,=,,,,,,
367,CNC(=O)c1cc2c(N[C@H](c3ccc4c(c3)S(=O)(=O)CCC4)C(C)C)ncnc2[nH]1,ASAP-0008685,2.4,-3.431798275933005,1.8920946026904804,1.6720978579357175,,,,,,=,=,=,=,,,,,,
368,CC(C)[C@H](Nc1ncnc2[nH]c(-c3cnn(CC(N)=O)c3)cc12)c1ccc2c(c1)S(=O)(=O)CCC2,ASAP-0008679,1.9,-3.465973893943865,2.0681858617461617,1.792391689498254,,,,,,=,=,=,=,,,,,,
369,CC(C)[C@H](Nc1ncnc2[nH]c(-c3cnn(C)c3)cc12)c1ccc2c(c1)S(=O)(=O)CCC2,ASAP-0008678,3.3,-4.022276394711152,2.1522883443830563,2.1931245983544616,,,,,,=,=,=,=,,,,,,
370,CC(C)[C@H](Nc1ncnc2[nH]ccc12)c1ccc2c(c1)S(=O)(=O)CCC2,ASAP-0008676,2.5,-3.4122890349810886,1.3424226808222062,1.7481880270062005,,,,,,=,=,=,=,,,,,,
371,CC(C)[C@H](Nc1ncnc2[nH]ccc12)c1ccc2c(c1)S(=O)(=O)CCC2,ASAP-0008674,2.7,-3.425968732272281,1.7634279935629373,2.3180633349627615,,,,,,=,=,=,=,,,,,,
372,CC(C)[C@H](Nc1ncnc2[nH]c(-c3cnn(CC(=O)N(C)C)c3)cc12)c1ccc2c(c1)S(=O)(=O)CCC2,ASAP-0008668,2.1,-4.4089353929735005,2.0293837776852097,1.8388490907372552,,,,,,=,=,=,=,,,,,,
373,CNC(=O)c1c[nH]c2ncnc(N[C@H](c3ccc4c(c3)S(=O)(=O)CCC4)C(C)C)c12,ASAP-0008641,2.5,-3.4078232426041333,2.12057393120585,2.285557309007774,,,,,,=,=,=,=,,,,,,
374,CNC(=O)c1c[nH]c2ncnc(N[C@H](c3ccc4c(c3)NC(=O)CO4)C(C)C)c12,ASAP-0008637,3.2,-4.5376020021010435,1.9395192526186185,2.0569048513364727,,,,,,=,=,=,=,,,,,,
375,CC(C)[C@H](Nc1ncnc2[nH]c(-c3cnn(C)c3C#N)cc12)c1ccc2c(c1)S(=O)(=O)CCC2,ASAP-0008651,3.6,-4.455931955649724,2.6910814921229687,2.6444385894678386,,,,,,=,=,=,=,,,,,,
376,COCCNC(=O)c1c[nH]c2ncnc(N[C@H](c3ccc4c(c3)S(=O)(=O)CCC4)C(C)C)c12,ASAP-0008650,2.8,-3.421360790031928,2.7331972651065692,2.9489017609702137,,,,,,=,=,=,=,,,,,,
377,CC(C)(C)[C@H](Nc1ncnc2[nH]c(-c3cnn(CC(N)=O)c3)cc12)c1ccc2c(n1)OCCO2,ASAP-0008648,2.7,-4.309803919971486,1.568201724066995,1.505149978319906,,,,,,=,=,=,=,,,,,,
378,CC(C)[C@H](Nc1ncnc2[nH]cc(C(=O)NC3CC3)c12)c1ccc2c(c1)S(=O)(=O)CCC2,ASAP-0008647,3.1,-3.58838029403677,1.4771212547196624,2.3710678622717363,,,,,,=,=,=,=,,,,,,
379,Cn1ncc(-c2cc3c(N[C@H](c4ccc5c(n4)OCCO5)C(C)(C)C)ncnc3[nH]2)c1C#N,ASAP-0008645,2.7,-4.6020599913279625,1.9138138523837167,2.322219294733919,,,,,,=,=,=,=,,,,,,
380,CC(C)[C@H](Nc1ncnc2[nH]c(-c3cnn(C)c3C#N)cc12)c1ccc2c(n1)NC(=O)CO2,ASAP-0008644,3.7,-4.522878745280337,1.8512583487190752,2.164352855784437,,,,,,=,=,=,=,,,,,,
381,CC(C)[C@H](Nc1ncnc2[nH]c(-c3cnn(CC(N)=O)c3)cc12)c1ccc2c(n1)OCCO2,ASAP-0008646,2.4,-3.413412695328245,1.1760912590556813,1.1139433523068367,,,,,,=,=,=,=,,,,,,
382,CC(C)[C@H](Nc1ncnc2[nH]c(-c3cnn(CC(N)=O)c3)cc12)c1ccc2c(c1)NC(=O)CO2,ASAP-0008621,2.5,-4.585026652029182,1.255272505103306,1.0791812460476249,,,,,,=,=,=,=,,,,,,
383,CNC(=O)Cn1cc(-c2cc3c(N[C@H](c4ccc5c(c4)OCCO5)C(C)C)ncnc3[nH]2)cn1,ASAP-0008565,2.9,-3.537602002101044,2.0791812460476247,1.6812412373755872,,,,,,=,=,=,=,,,,,,
384,CNC(=O)c1cc2c(N[C@H](c3ccc4c(c3)NC(=O)CO4)C(C)C)ncnc2[nH]1,ASAP-0008571,2.8,-3.4282911681913126,1.724275869600789,1.3222192947339193,,,,,,=,=,=,=,,,,,,
385,CC(C)[C@H](Nc1ncnc2[nH]c(-c3cnn(C)c3C#N)cc12)c1ccc2c(c1)NC(=O)CO2,ASAP-0008576,4.1,-4.154901959985743,2.0043213737826426,2.250420002308894,,,,,,=,=,=,=,,,,,,
386,CC(C)(C)[C@H](Nc1ncnc2[nH]c(-c3cnn(CC(N)=O)c3)cc12)c1ccc2c(c1)OCCO2,ASAP-0008581,3.2,-3.707743928643524,2.1271047983648077,1.6812412373755872,,,,,,=,=,=,=,,,,,,
387,CC(C)[C@H](Nc1ncnc2[nH]c(-c3cnn(CCC(N)=O)c3)cc12)c1ccc2c(c1)OCCO2,ASAP-0008482,3.0,-3.625251653989896,2.0,1.7993405494535817,,,,,,=,=,=,=,,,,,,
388,Cn1ncc(-c2cc3c(N[C@H](c4ccc5c(c4)OCCO5)C(C)(C)C)ncnc3[nH]2)c1C#N,ASAP-0008484,2.9,-4.585026652029182,1.9344984512435677,2.3010299956639813,,,,,,=,=,=,=,,,,,,
389,CC(C)[C@H](Nc1ncnc2[nH]c(-c3cnn(CC(=O)N(C)C)c3)cc12)c1ccc2c(c1)OCCO2,ASAP-0008485,2.3,-3.6757175447023074,2.155336037465062,1.7781512503836436,,,,,,=,=,=,=,,,,,,
390,CC(C)[C@H](Nc1ncnc2[nH]ccc12)c1ccc2c(c1)NC(=O)CO2,ASAP-0008431,2.2,-3.425968732272281,1.505149978319906,1.9084850188786497,,,,,,=,=,=,=,,,,,,
391,C[C@H](C(=O)O)[C@H](NC(=O)c1ncnc2[nH]ccc12)c1ccc(Br)cc1,ASAP-0008445,0.5,-3.4122890349810886,0.7781512503836436,0.6989700043360189,,,,,,=,=,=,=,,,,,,
392,CC(C)[C@H](Nc1ncnc2[nH]c(-c3cnn(CC(N)=O)c3)cc12)c1ccc2c(c1)OCCO2,ASAP-0008450,2.9,-3.4775557664936803,2.3783979009481375,1.6334684555795864,,,,,,=,=,=,=,,,,,,
393,CC(C)[C@H](Nc1ncnc2[nH]c(-c3cnn(CC(N)=O)c3)cc12)c1ccc2c(c1)OCCO2,ASAP-0008449,2.9,-3.55129368009492,1.6812412373755872,1.2304489213782739,,,,,,=,=,=,=,,,,,,
394,CC(C)[C@H](Nc1ncnc2[nH]ccc12)c1ccc2c(c1)NC(=O)CO2,ASAP-0008430,1.8,-3.4294570601181027,1.0413926851582251,1.5797835966168101,,,,,,=,=,=,=,,,,,,
395,CCNC(=O)c1cc2c(N[C@H](c3ccc4c(c3)OCCO4)C(C)C)ncnc2[nH]1,ASAP-0008444,3.0,-4.136677139879544,1.9344984512435677,1.9493900066449128,,,,,,=,=,=,=,,,,,,
396,CC(C)[C@H](Nc1ncnc2[nH]c(-c3cnn(C)c3C#N)cc12)c1ccc2c(n1)OCCO2,ASAP-0008418,3.4,-4.045757490560675,1.7558748556724915,2.146128035678238,,,,,,=,=,=,=,,,,,,
397,CC(C)[C@H](Nc1ncnc2[nH]cc(C(N)=O)c12)c1ccc2c(c1)OCCO2,ASAP-0008399,3.2,-3.424812155072339,2.1583624920952498,2.155336037465062,,,,,,=,=,=,=,,,,,,
398,CNC(=O)c1c[nH]c2ncnc(N[C@H](c3ccc4c(c3)OCCO4)C(C)C)c12,ASAP-0008406,3.6,-3.494850021680094,1.9030899869919435,1.9493900066449128,,,,,,=,=,=,=,,,,,,
399,COc1ccc([C@H](Cc2nnn[nH]2)NC(=O)c2ncnc3[nH]ccc23)cc1,ASAP-0008340,-0.1,-3.402304814074488,0.7781512503836436,0.0,,,,,,=,=,=,=,,,,,,
400,CNC(=O)c1cc2c(N[C@H](c3ccc4c(c3)OCCO4)C(C)C)ncnc2[nH]1,ASAP-0008348,2.76,-3.4190750243243806,1.9030899869919435,1.7481880270062005,,,,,,=,=,=,=,,,,,,
401,CC(C)[C@H](Nc1ncnc2[nH]ccc12)c1ccc2c(c1)S(=O)(=O)CCC2,ASAP-0008327,2.5,-3.413412695328245,1.5797835966168101,2.143014800254095,,,,,,=,=,=,=,,,,,,
402,CC(C)[C@H](Nc1ncnc2[nH]c(-c3cnn(CC(N)=O)c3)cc12)c1ccc2c(c1)OCCO2,ASAP-0008288,0.9,-3.4609239012072233,2.0,1.6232492903979006,,,,,,=,=,=,=,,,,,,
403,CC(C)[C@H](Nc1ncnc2[nH]ccc12)c1ccc2c(c1)OCCO2,ASAP-0008279,3.0,-3.425968732272281,1.8129133566428555,3.225567713439471,,,,,,=,=,=,=,,,,,,
404,CC(C)[C@H](Nc1ncnc2[nH]ccc12)c1ccc2c(n1)OCCO2,ASAP-0008270,2.8,-3.406713932979543,1.505149978319906,2.2329961103921536,,,,,,=,=,=,=,,,,,,
405,CC(C)[C@H](Nc1ncnc2[nH]c(-c3cnn(C)c3C#N)cc12)c1ccc2c(c1)OCCO2,ASAP-0008275,3.0,-4.7447274948966935,1.8750612633917,2.3404441148401185,,,,,,=,=,=,=,,,,,,
406,C[C@H]1CN(c2cncc3ccccc23)C(=O)[C@@]12CN(CC(=O)NCc1ccn(C)n1)C(=O)c1ccc(Cl)cc12,ASAP-0000775,1.8,-3.416801226031377,2.716003343634799,2.6009728956867484,,,,,,=,=,=,=,,,,,,
407,C[C@H]1CN(c2cncc3ccccc23)C(=O)[C@@]12CN(CC(=O)NCc1ccnn1C)C(=O)c1ccc(Cl)cc12,ASAP-0000774,2.0,-3.424812155072339,2.5622928644564746,2.5634810853944106,,,,,,=,=,=,=,,,,,,
408,CC(C)NC[C@H](O)COc1ccc(CC(N)=O)cc1,ASAP-0000767,,,,,,,,,,,,,,,,,,,
409,C[C@H](C(=O)O)c1cccc(C(=O)c2ccccc2)c1,ASAP-0000768,,,,,,,,,,,,,,,,,,,
410,C=C[C@H]1CN2CC[C@H]1C[C@@H]2[C@@H](O)c1ccnc2ccc(OC)cc12,ASAP-0000769,,,,,,,,,,,,,,,,,,,
411,C[C@H]1O[C@@H](O[C@H]2[C@@H](O)C[C@H](O[C@H]3[C@@H](O)C[C@H](O[C@H]4CC[C@@]5(C)[C@H](CC[C@@H]6[C@@H]5C[C@@H](O)[C@]5(C)[C@@H](C7=CC(=O)OC7)CC[C@]65O)C4)O[C@@H]3C)O[C@@H]2C)C[C@H](O)[C@@H]1O,ASAP-0000770,,,,,,,,,,,,,,,,,,,
412,CNC(=O)CN1C[C@]2(C(=O)N(c3cncc4ccccc34)C[C@H]2CC2CC2)c2cc(Cl)ccc2C1=O,ASAP-0000738,2.3,-3.4282911681913126,1.9242792860618816,1.8920946026904804,,,,,,=,=,=,=,,,,,,
413,CNC(=O)CN1C[C@@]2(C(=O)N(c3cncc4ccccc34)C[C@@H]2C)c2cc(Cl)ccc2C1=O,ASAP-0000733,1.94,-3.421360790031928,1.380211241711606,1.8808135922807914,,,,,,=,=,=,=,,,,,,
414,O=C(Nc1cccc2c(C(=O)N[C@H]3c4ccccc4C[C@H]3C(=O)O)c[nH]c12)NC1CC1,ASAP-0000627,-0.05,,0.8450980400142568,0.6989700043360189,,,,,,=,,=,=,,,,,,
415,COc1ccc([C@H](CC(=O)O)NC(=O)c2ncnc3[nH]ccc23)cc1,ASAP-0000591,-0.38,,0.9030899869919435,0.47712125471966244,,,,,,=,,=,=,,,,,,
416,CNC(=O)CN1C[C@]2(CCN(c3cncc4ccc(OC[C@H](O)CN(C)C)cc34)C2=O)c2cc(Cl)ccc2C1=O,ASAP-0000528,0.19,-3.415668775632469,0.9542425094393249,0.47712125471966244,,,,,,=,=,=,=,,,,,,
417,CNC(=O)CN1C[C@@]2(C(=O)N(c3cncc4ccccc34)C[C@@H]2C)c2ccccc2C1=O,ASAP-0000541,0.7,-3.406713932979543,0.6020599913279624,1.255272505103306,,,,,,=,=,=,=,,,,,,
418,COc1ccc2c(c1)CCN(c1ncnc3[nH]ccc13)[C@H]2C(C)C,ASAP-0000502,4.33,-4.823908740944319,1.7853298350107671,2.507855871695831,,,,,,=,=,=,=,,,,,,
419,CC(C)[C@H](Nc1ncnc2[nH]ccc12)c1ccc2c(c1)OCCO2,ASAP-0000450,3.2,-3.6478174818886377,1.7075701760979363,2.5327543789924976,,,,,,=,=,=,=,,,,,,
420,CC(C)[C@H](CO)Nc1ncnc2[nH]ccc12,ASAP-0000453,1.69,,0.8450980400142568,1.0413926851582251,,,,,,=,,=,=,,,,,,
421,CNC(=O)CN1C[C@@]2(C(=O)N(c3cncc4ccccc34)C[C@@H]2C)c2cc(F)ccc2C1=O,ASAP-0000272,1.07,,0.3010299956639812,1.380211241711606,,,,,,=,,=,=,,,,,,
422,C=CC(=O)Nc1cccc(N(Cc2cccc(Cl)c2)C(=O)Cc2cncc3ccccc23)c1,ASAP-0000175,3.8,-4.590066876668706,3.029789470831856,3.37675939540488,,,,,,=,=,=,=,,,,,,
423,O=C(O)C[C@H](NC(=O)c1ncnc2[nH]ccc12)c1ccc(Br)cc1,ASAP-0000136,0.22,,0.8450980400142568,0.3010299956639812,,,,,,=,,=,=,,,,,,
424,O=C(Nc1ccccc1)Nc1ccc(C(=O)NC2c3cccc(O)c3CC2C(=O)O)cc1,ASAP-0000132,0.12,-3.494850021680094,1.0,0.47712125471966244,,,,,,=,=,=,=,,,,,,
425,C=CC(=O)N1CCCc2ccc(N(Cc3cccc(C(F)(F)F)c3)C(=O)Cc3cncc4ccccc34)cc21,ASAP-0022458,,,2.788875115775417,3.3326404103874627,,,,,,,,=,=,,,,,,
426,C=CC(=O)N1CCCc2ccc(N(Cc3cccc(Cl)c3)C(=O)Cc3cncc4c(F)cccc34)cc21,ASAP-0022456,,,2.8767949762007006,3.2835273648616936,,,,,,,,=,=,,,,,,
427,C=CC(=O)N1CCCc2ccc(N(C(=O)Cc3cncc4ccccc34)N(C)c3cccc(Cl)c3)cc21,ASAP-0022459,,,3.140193678578631,3.245759355967277,,,,,,,,=,=,,,,,,
428,CN(C)CCCN1c2ccccc2CCc2ccccc21,ASAP-0000689,,,,2.230448921378274,,,,,,,,,=,,,,,,
429,CC(C)NC[C@H](O)COc1cccc2ccccc12,ASAP-0000690,,,1.423245873936808,1.806179973983887,,,,,,,,=,=,,,,,,
430,O=C(O)Cc1ccccc1Nc1c(Cl)cccc1Cl,ASAP-0000691,,,2.3364597338485296,2.5877109650189114,,,,,,,,=,=,,,,,,
431,NCc1cc(Cl)cc(C(=O)Nc2ccc3c(c2)CNC3)c1,ASAP-0023299,2.0,,,,,,,,,=,,,,,,,,,
432,COC(=O)Nc1nc2ccc(C(=O)c3ccccc3)cc2[nH]1,ASAP-0000688,2.9,,,,,,,,,=,,,,,,,,,
433,Cc1nccn1C[C@H]1CCc2c(c3ccccc3n2C)C1=O,ASAP-0000639,,-3.8927900303521317,,,,,,,,,=,,,,,,,,
434,CC(C)[C@H]1c2ccsc2CCN1C(=O)Cc1cncc2ccccc12,ASAP-0031558,3.6,-4.638272163982407,2.806179973983887,2.8195439355418688,,,,,,=,=,=,=,,,,,,
435,CC(C)C1(C)CCN(C(=O)Cc2cncc3ccccc23)CC1,ASAP-0031372,3.7,-3.7594507517174,2.385606273598312,2.7551122663950713,,,,,,=,=,=,=,,,,,,
436,O=C(Cc1cncc2ccccc12)N1CCc2sccc2C12CCC2,ASAP-0031411,3.4,-3.609064892896621,2.6665179805548807,2.829946695941636,,,,,,=,=,=,=,,,,,,
437,CC1(CC(F)(F)F)CCN(C(=O)Cc2cncc3ccccc23)CC1,ASAP-0031442,3.0,-3.4306260903849544,2.250420002308894,2.6180480967120925,,,,,,=,=,=,=,,,,,,
438,CCc1ccc([C@H]2C[C@H](C)CCN2C(=O)Cc2cncc3ccccc23)o1,ASAP-0031187,4.3,-3.8068754016455384,2.8394780473741985,2.910090545594068,,,,,,=,=,=,=,,,,,,
439,O=C(Cc1cncc2ccccc12)N1CCc2scnc2C1,ASAP-0031242,1.6,-3.402304814074488,1.0718820073061255,2.167317334748176,,,,,,=,=,=,=,,,,,,
440,Cc1cncc(CC(=O)N2CCc3sccc3C2)c1,ASAP-0031213,2.2,-3.402304814074488,1.0492180226701815,2.3783979009481375,,,,,,=,=,=,=,,,,,,
441,CC(C)C1(F)CCN(C(=O)Cc2cncc3ccccc23)CC1,ASAP-0031146,2.8,-3.4111682744057927,2.0492180226701815,2.8488047010518036,,,,,,=,=,=,=,,,,,,
442,COCC1CCN(C(=O)Cc2cncc3ccccc23)CC1,ASAP-0030055,1.5,-3.4100503986742923,1.3944516808262162,2.432969290874406,,,,,,=,=,=,=,,,,,,
443,O=C1c2ccc(Cl)cc2[C@@]2(CN1Cc1cc[nH]n1)C(=O)N(c1cncc3ccccc13)C[C@@H]2CNc1nnc(C(F)(F)F)o1,ASAP-0029987,3.2,-3.7235381958267557,1.9410142437055697,1.9360107957152095,,,,,,=,=,=,=,,,,,,
444,O=C1c2ccc(Cl)cc2[C@@]2(CN1Cc1cc[nH]n1)C(=O)N(c1cncc3ccccc13)C[C@@H]2CNc1nncs1,ASAP-0029984,1.8,-3.423658649794207,1.9400181550076632,1.9425041061680808,,,,,,=,=,=,=,,,,,,
445,O=C(Cc1cncc2ccccc12)N1CCC(C(F)(F)F)CC1,ASAP-0029947,2.2,-3.406713932979543,1.9003671286564703,2.9339931638312424,,,,,,=,=,=,=,,,,,,
446,Cc1nccc(CN2C[C@@]3(C(=O)N(c4cncc5ccccc45)C[C@@H]3CNc3nnco3)c3cc(Cl)ccc3C2=O)n1,ASAP-0029694,1.4,-3.421360790031928,1.5976951859255124,2.0718820073061255,,,,,,=,=,=,=,,,,,,
447,CCC1CCN(C(=O)Cc2cncc3ccccc23)CC1,ASAP-0029657,2.8,-3.401209493236885,1.9222062774390163,2.6757783416740852,,,,,,=,=,=,=,,,,,,
448,Cc1nccc(CN2C[C@@]3(C(=O)N(c4cncc5ccccc45)C[C@@H]3CNc3nnc(C(F)(F)F)o3)c3cc(Cl)ccc3C2=O)n1,ASAP-0029741,3.0,-3.6363880201078556,1.9943171526696368,2.296665190261531,,,,,,=,=,=,=,,,,,,
449,C[C@@H]1CCN(C(=O)Cc2cncc3ccccc23)[C@H](C)C1,ASAP-0029738,2.6,-3.4190750243243806,2.110589710299249,2.7007037171450192,,,,,,=,=,=,=,,,,,,
450,CC1(C)CCN(C(=O)Cc2cncc3ccccc23)CC1,ASAP-0029707,2.6,-3.408935392973501,1.658964842664435,2.0492180226701815,,,,,,=,=,=,=,,,,,,
451,CC(C)C1CCN(C(=O)Cc2cncc3ccccc23)CC1,ASAP-0029604,3.2,-3.421360790031928,2.3404441148401185,2.8943160626844384,,,,,,=,=,=,=,,,,,,
452,Cc1nccc(CN2C[C@@]3(C(=O)N(c4cncc5ccccc45)C[C@@H]3CNc3nnc(C)o3)c3cc(Cl)ccc3C2=O)n1,ASAP-0029643,1.6,-3.4400933749638876,1.1583624920952498,2.0530784434834195,,,,,,=,=,=,=,,,,,,
453,C[C@H]1C[C@@H](C)N(C(=O)Cc2cncc3ccccc23)[C@@H](C)C1,ASAP-0029634,3.1,-3.396855627379818,2.583198773968623,2.9429995933660407,,,,,,=,=,=,=,,,,,,
454,Cc1nccc(CN2C[C@@]3(C(=O)N(c4cncc5ccccc45)C[C@@H]3CNc3nncs3)c3cc(Cl)ccc3C2=O)n1,ASAP-0029560,1.7,-3.4056074496245734,1.9100905455940682,2.2068258760318495,,,,,,=,=,=,=,,,,,,
455,O=C(Cc1cncc2ccccc12)N1CCC(C(F)F)CC1,ASAP-0029539,1.9,-3.4001169279263124,1.550228353055094,2.113943352306837,,,,,,=,=,=,=,,,,,,
456,CC(F)(F)C1CCN(C(=O)Cc2cncc3ccccc23)CC1,ASAP-0029423,2.2,-3.3990271043132516,1.8668778143374989,2.3443922736851106,,,,,,=,=,=,=,,,,,,
457,CC(C)CC1(C)CCN(C(=O)Cc2cncc3ccccc23)CC1,ASAP-0029287,3.9,-3.6216020990518625,2.8530895298518657,2.595496221825574,,,,,,=,=,=,=,,,,,,
458,O=C(Cc1cncc2ccccc12)N(Cc1cccc(Cl)c1)c1ccc2nc[nH]c2c1,ASAP-0028999,1.8,-4.259637310505756,2.56702636615906,3.124178055474675,,,,,,=,=,=,=,,,,,,
459,COc1ccc(N(Cc2cccc(Cl)c2)C(=O)Cc2cnccc2C)cc1,ASAP-0028832,3.9,-3.978810700930062,2.8976270912904414,2.948412965778601,,,,,,=,=,=,=,,,,,,
460,C[C@H]1c2ccsc2CCN1C(=O)Cc1cncc2ccccc12,ASAP-0028820,2.9,-3.417936637088291,2.439332693830263,2.8998205024270964,,,,,,=,=,=,=,,,,,,
461,C[C@H]1CCN(C(=O)Cc2cncc3ccccc23)C1,ASAP-0028829,1.7,-3.416801226031377,,1.9804578922761,,,,,,=,=,,=,,,,,,
462,C[C@H]1CCN1C(=O)Cc1cncc2ccccc12,ASAP-0028830,1.3,-3.408935392973501,,1.7015679850559273,,,,,,=,=,,=,,,,,,
463,Cc1nc2ccc(N(Cc3cccc(Cl)c3)C(=O)Cc3cncc4ccccc34)cc2[nH]1,ASAP-0028818,3.9,-4.2441251443275085,2.6981005456233897,3.0090257420869104,,,,,,=,=,=,=,,,,,,
464,O=C(Cc1cncc2ccccc12)N1CCCn2nccc2C1,ASAP-0028833,1.0,-3.4122890349810886,2.0170333392987803,2.7664128471123997,,,,,,=,=,=,=,,,,,,
465,O=C(Cc1cncc2ccccc12)N1CCc2c(Cl)cccc2C1,ASAP-0028823,3.7,-4.568636235841013,2.6273658565927325,3.16761267272753,,,,,,=,=,=,=,,,,,,
466,O=C(Cc1cncc2ccccc12)N1CCn2nccc2C1,ASAP-0028815,1.2,-3.408935392973501,,2.0211892990699383,,,,,,=,=,,=,,,,,,
467,C[C@H]1c2ccsc2CCN1C(=O)Cc1cncc2ccccc12,ASAP-0028819,2.9,-3.4111682744057927,2.437750562820388,3.225567713439471,,,,,,=,=,=,=,,,,,,
468,O=C(Cc1cncc2ccccc12)N1CCC1,ASAP-0028810,0.9,-3.4282911681913126,,1.2201080880400552,,,,,,=,=,,=,,,,,,
469,C[C@H]1CCN(C(=O)Cc2cncc3ccccc23)CCO1,ASAP-0028872,1.1,-3.415668775632469,1.3560258571931227,2.459392487759231,,,,,,=,=,=,=,,,,,,
470,CC1CN(C(=O)Cc2cncc3ccccc23)C1,ASAP-0028866,1.3,-3.424812155072339,,1.8034571156484138,,,,,,=,=,,=,,,,,,
471,O=C(Cc1cncc2ccccc12)N1CCCOCC1,ASAP-0028843,0.8,-3.4111682744057927,,1.810232517995084,,,,,,=,=,,=,,,,,,
472,CN(C)C(=O)Cc1cncc2ccccc12,ASAP-0028890,0.9,-3.4190750243243806,,,,,,,,=,=,,,,,,,,
473,C[C@H]1CCOCCN1C(=O)Cc1cncc2ccccc12,ASAP-0028889,1.1,-3.4111682744057927,,2.060697840353612,,,,,,=,=,,=,,,,,,
474,C[C@H]1CN(C(=O)Cc2cncc3ccccc23)CCCO1,ASAP-0028881,1.1,-3.422508200162775,1.2833012287035497,2.439332693830263,,,,,,=,=,=,=,,,,,,
475,O=C(Cc1cncc2ccccc12)N1CCCCC1,ASAP-0028867,1.8,-3.4282911681913126,,2.2576785748691846,,,,,,=,=,,=,,,,,,
476,CC1CCN(C(=O)Cc2cncc3ccccc23)CC1,ASAP-0028856,2.2,-3.4377071355435254,1.469822015978163,2.6053050461411096,,,,,,=,=,=,=,,,,,,
477,Cn1cnc2c1CCN(C(=O)Cc1cncc3ccccc13)C2,ASAP-0028855,0.9,-3.4145392704914994,,2.0755469613925306,,,,,,=,=,,=,,,,,,
478,Cc1nc2c(n1C)CCN(C(=O)Cc1cncc3ccccc13)C2,ASAP-0028844,0.9,-3.425968732272281,1.14921911265538,2.167317334748176,,,,,,=,=,=,=,,,,,,
479,O=C(Cc1cncc2ccccc12)N1CCCC1,ASAP-0028841,1.2,-3.421360790031928,,1.481442628502305,,,,,,=,=,,=,,,,,,
480,CC[C@H]1c2ccsc2CCN1C(=O)Cc1cncc2ccccc12,ASAP-0028838,3.3,-3.4436974992327127,2.8779469516291885,3.296884475538547,,,,,,=,=,=,=,,,,,,
481,CC[C@H]1c2ccsc2CCN1C(=O)Cc1cncc2ccccc12,ASAP-0028837,3.3,-3.447331783887807,2.877371345869774,2.7267272090265724,,,,,,=,=,=,=,,,,,,
482,C[C@H]1CN(C(=O)Cc2cncc3ccccc23)CCO1,ASAP-0028804,1.0,-3.415668775632469,,1.7442929831226763,,,,,,=,=,,=,,,,,,
483,O=C(Cc1cncc2ccccc12)N(Cc1cccc(Cl)c1)c1ccc2cc[nH]c2c1,ASAP-0028002,3.9,-5.096910013008056,2.4345689040341987,2.845098040014257,,,,,,=,=,=,=,,,,,,
484,COc1ccc(N(Cc2cccc(Cl)c2)C(=O)Cc2cncc(C)c2)cc1,ASAP-0028001,3.8,-4.050609993355088,2.3364597338485296,2.950364854376123,,,,,,=,=,=,=,,,,,,
485,O=C(Cc1cncc2ccccc12)N1CCc2sccc2C1,ASAP-0027976,2.6,-3.4365189146055894,1.8228216453031045,3.124178055474675,,,,,,=,=,=,=,,,,,,
486,O=C(Cc1cncc2ccccc12)N1CCCCCC1,ASAP-0027997,2.1,-3.462180904926726,1.4593924877592308,2.6954816764901977,,,,,,=,=,=,=,,,,,,
487,C[C@H]1CCCN(C(=O)Cc2cncc3ccccc23)C1,ASAP-0028004,2.3,-3.42021640338319,1.5477747053878226,2.690196080028514,,,,,,=,=,=,=,,,,,,
488,C[C@H]1COCCN(C(=O)Cc2cncc3ccccc23)C1,ASAP-0027927,1.3,-3.449771646944906,,2.322219294733919,,,,,,=,=,,=,,,,,,
489,C[C@H]1CCCCN1C(=O)Cc1cncc2ccccc12,ASAP-0028012,2.2,-3.4190750243243806,1.1903316981702914,2.4771212547196626,,,,,,=,=,=,=,,,,,,
490,O=C(Cc1cncc2ccccc12)N1CCc2[nH]cnc2C1,ASAP-0027975,1.0,-3.4424927980943423,1.1038037209559568,1.7715874808812553,,,,,,=,=,=,=,,,,,,
491,C[C@H]1COCCCN1C(=O)Cc1cncc2ccccc12,ASAP-0027948,1.1,-3.43297363384094,,1.931457870689005,,,,,,=,=,,=,,,,,,
492,C[C@H]1CCCN1C(=O)Cc1cncc2ccccc12,ASAP-0027930,1.7,-3.4522252946121776,,1.9827233876685453,,,,,,=,=,,=,,,,,,
493,O=C(Cc1cncc2ccccc12)N1CCOCC1,ASAP-0027942,0.6,-3.4365189146055894,,,,,,,,=,=,,,,,,,,
494,COc1ccc(N(Cc2cccc(Cl)c2)C(=O)Cc2cccnc2)cc1,ASAP-0027924,3.5,-3.7619538968712045,2.44870631990508,2.877371345869774,,,,,,=,=,=,=,,,,,,
495,C[C@H]1CCCCCN1C(=O)Cc1cncc2ccccc12,ASAP-0027949,2.5,-3.4282911681913126,1.9537596917332287,2.7664128471123997,,,,,,=,=,=,=,,,,,,
496,C[C@H]1CCCCN(C(=O)Cc2cncc3ccccc23)C1,ASAP-0027969,2.5,-3.4571745730408203,2.214843848047698,3.0572856444182146,,,,,,=,=,=,=,,,,,,
497,C[C@H]1COCCN1C(=O)Cc1cncc2ccccc12,ASAP-0027986,1.0,-3.424812155072339,,1.437750562820388,,,,,,=,=,,=,,,,,,
498,C[C@H]1CCCN(C(=O)Cc2cncc3ccccc23)CC1,ASAP-0027994,2.6,-3.454692883534176,1.9894498176666917,2.9429995933660407,,,,,,=,=,=,=,,,,,,
499,O=C1c2ccc(Cl)cc2[C@@]2(CN1CC1CNC1)C(=O)N(c1cncc3ccccc13)C[C@@H]2CNc1nccs1,ASAP-0027780,0.8,-3.42021640338319,,1.1931245983544616,,,,,,=,=,,=,,,,,,
500,Cc1cc(Sc2nnc(-c3ccc(Cl)cc3)n2C)n2ncnc2n1,ASAP-0023179,1.4,-3.4485500020271247,1.667452952889954,1.5943925503754266,,,,,,=,=,=,=,,,,,,
501,Cc1nnc(Sc2cc(-c3ccccc3)nc3ncnn23)n1C,ASAP-0022922,1.0,-3.449771646944906,1.8318697742805017,1.7041505168397992,,,,,,=,=,=,=,,,,,,
502,CCS(=O)(=O)N[C@H]1CN(c2cncc3ccccc23)C(=O)[C@@]12CN(CC(=O)NC)C(=O)c1ccc(Cl)cc12,ASAP-0021174,1.3,-3.5257837359237447,1.9211660506377388,1.6483600109809315,,,,,,=,=,=,=,,,,,,
503,CNC(=O)CN1C[C@@]2(C(=O)N(c3cncc4ccccc34)C[C@@H]2NC(C)=O)c2cc(Cl)ccc2C1=O,ASAP-0020941,1.2,-3.415668775632469,1.9132839017604184,1.2253092817258628,,,,,,=,=,=,=,,,,,,
504,O=C1c2ccc(Cl)cc2[C@@]2(CN1Cc1ccnnc1)C(=O)N(c1cncc3ccccc13)C[C@@H]2CNc1nncs1,ASAP-0017647,1.2,-3.485452247339714,1.5390760987927767,1.6384892569546374,,,,,,=,=,=,=,,,,,,
505,CNC(=O)CN1C[C@]2(C(=O)N(c3cncc4ccccc34)C[C@H]2OCC2CC2)c2cc(Cl)ccc2C1=O,ASAP-0017685,2.3,-4.6020599913279625,1.404833716619938,1.8488047010518038,,,,,,=,=,=,=,,,,,,
506,COC(=O)N[C@H](C(=O)N1C[C@H](C(F)(F)F)C[C@H]1C(=O)N[C@H](C#N)C[C@@H]1CCNC1=O)C(C)(C)C,ASAP-0017714,0.9,-3.408935392973501,,1.1335389083702174,,,,,,=,=,,=,,,,,,
507,CCO[C@H]1CN(c2cncc3ccccc23)C(=O)[C@@]12CN(CC(=O)NC)C(=O)c1ccc(Cl)cc12,ASAP-0017386,1.9,-4.721246399047171,1.2966651902615312,1.7442929831226763,,,,,,=,=,=,=,,,,,,
508,O=C1c2ccc(Cl)cc2[C@@]2(CN1Cc1nnco1)C(=O)N(c1cncc3ccccc13)C[C@@H]2CNc1ncncn1,ASAP-0017058,0.9,-3.5850266520291822,1.6473829701146199,1.3053513694466237,,,,,,=,=,=,=,,,,,,
509,COC(=O)N[C@H](C(=O)N1C[C@H](C(F)(F)F)C[C@H]1C(=O)N[C@H](C#N)C[C@@H]1CCNC1=O)C(C)(C)C,ASAP-0016973,0.3,-3.3990271043132516,1.255272505103306,,,,,,,=,=,=,,,,,,,
510,CNC(=O)CN1C[C@@]2(C(=O)N(c3cncc4ccccc34)C[C@@H]2NCC2CC2)c2cc(Cl)ccc2C1=O,ASAP-0016902,2.1,-3.423658649794207,1.6901960800285136,1.5185139398778875,,,,,,=,=,=,=,,,,,,
511,COC(=O)N[C@H](C(=O)N1C[C@H](C(F)(F)F)C[C@H]1C(=O)N[C@H](C#N)C[C@@H]1CCNC1=O)C(C)(C)C,ASAP-0016974,0.7,-3.408935392973501,,,,,,,,=,=,,,,,,,,
512,CNC(=O)CN1C[C@@]2(C(=O)N(c3cncc4ccccc34)C[C@@H]2NS(C)(=O)=O)c2cc(Cl)ccc2C1=O,ASAP-0016838,1.0,-3.40340290437354,1.7888751157754168,1.1271047983648077,,,,,,=,=,=,=,,,,,,
513,CNC(=O)CN1C[C@@]2(C(=O)N(c3cncc4ccccc34)C[C@@H]2NC)c2cc(Cl)ccc2C1=O,ASAP-0016592,1.3,-3.425968732272281,1.0681858617461617,1.2148438480476977,,,,,,=,=,=,=,,,,,,
514,C[C@@H]1CN(CCN2C[C@@]3(C(=O)N(c4cncc5ccccc45)C[C@@H]3C)c3cc(Cl)ccc3C2=O)C[C@H](C)O1,ASAP-0016591,2.3,-3.4282911681913126,2.4983105537896004,2.369215857410143,,,,,,=,=,=,=,,,,,,
515,CNC(=O)CN1C[C@@]2(C(=O)N(c3cncc4ccccc34)C[C@@H]2COCC2CC2)c2cc(Cl)ccc2C1=O,ASAP-0016541,2.4,-3.5086383061657274,1.2810333672477277,0.5976951859255123,,,,,,=,=,=,=,,,,,,
516,CNC(=O)CN1C[C@@]2(C(=O)N(c3cncc4ccccc34)C[C@@H]2NC(C)C)c2cc(Cl)ccc2C1=O,ASAP-0016543,1.8,-3.6038006529042637,1.6919651027673603,1.5403294747908738,,,,,,=,=,=,=,,,,,,
517,O=C1c2ccc(Cl)cc2[C@@]2(CN1Cc1ccnnc1)C(=O)N(c1cncc3ccccc13)C[C@@H]2CNc1ccncn1,ASAP-0016539,1.4,-3.480172006224281,1.3560258571931227,1.2600713879850747,,,,,,=,=,=,=,,,,,,
518,C[C@H]1CN(c2cncc3ccccc23)C(=O)[C@@]12CN(CCN1CCC1)C(=O)c1ccc(Cl)cc12,ASAP-0016542,1.1,-3.4522252946121776,1.1238516409670858,0.8082109729242221,,,,,,=,=,=,=,,,,,,
519,CNC(=O)CN1C[C@@]2(C(=O)N(c3cncc4ccccc34)C[C@@H]2N)c2cc(Cl)ccc2C1=O,ASAP-0016508,1.1,-3.4341521813264824,0.930949031167523,1.1702617153949575,,,,,,=,=,=,=,,,,,,
520,C=CC(=O)N1CCCc2ccc(N(Cc3cccc(Cl)c3)C(=O)Cc3cncc4ccccc34)cc21,ASAP-0016094,4.3,-4.221848749616356,2.9995654882259823,2.720159303405957,,,,,,=,=,=,=,,,,,,
521,C[C@H]1CN(c2cncc3ccccc23)C(=O)[C@@]12CN(C1CCNCC1)C(=O)c1ccc(Cl)cc12,ASAP-0015900,0.5,-3.421360790031928,1.380211241711606,0.47712125471966244,,,,,,=,=,=,=,,,,,,
522,Cc1nnc(CN2C[C@@]3(C(=O)N(c4cncc5ccccc45)C[C@@H]3CNc3ccncn3)c3cc(Cl)ccc3C2=O)o1,ASAP-0015906,1.5,-3.4001169279263124,2.0253058652647704,1.5185139398778875,,,,,,=,=,=,=,,,,,,
523,O=C1c2ccc(Cl)cc2[C@@]2(CN1CC1COC1)C(=O)N(c1cncc3ccccc13)C[C@@H]2CNc1ccncn1,ASAP-0015904,1.9,-3.4122890349810886,1.6020599913279623,1.3424226808222062,,,,,,=,=,=,=,,,,,,
524,CNCCN1C[C@@]2(C(=O)N(c3cncc4ccccc34)C[C@@H]2CS(=O)(=O)N(C)C)c2cc(Cl)ccc2C1=O,ASAP-0015777,0.6,-3.500312917381596,0.9542425094393249,0.5327543789924978,,,,,,=,=,=,=,,,,,,
525,CNCCN1C[C@@]2(C(=O)N(c3cncc4ccccc34)C[C@@H]2COCC2CC2)c2cc(Cl)ccc2C1=O,ASAP-0015773,1.1,-3.4306260903849544,1.2787536009528289,0.18920948958230613,,,,,,=,=,=,=,,,,,,
526,C[C@H]1CN(CCN2C[C@@]3(C(=O)N(c4cncc5ccccc45)C[C@@H]3C)c3cc(Cl)ccc3C2=O)[C@@H](C)CO1,ASAP-0015657,2.4,-3.4365189146055894,2.9159272116971158,2.9885589568786157,,,,,,=,=,=,=,,,,,,
527,C[C@H]1CN(c2cncc3ccccc23)C(=O)[C@@]12CN(CCN1C[C@H]3CC[C@H](C1)O3)C(=O)c1ccc(Cl)cc12,ASAP-0015666,2.4,-3.474955192963155,3.021602716028242,2.9014583213961123,,,,,,=,=,=,=,,,,,,
528,CNC(=O)CN1C[C@@]2(C(=O)N(c3cncc4ccccc34)C[C@@H]2COC2CCC2)c2cc(Cl)ccc2C1=O,ASAP-0015648,2.6,-3.4341521813264824,1.146128035678238,1.3979400086720377,,,,,,=,=,=,=,,,,,,
529,C[C@@H]1CN(CCN2C[C@@]3(C(=O)N(c4cncc5ccccc45)C[C@@H]3C)c3cc(Cl)ccc3C2=O)[C@H](C)CO1,ASAP-0015656,2.4,-3.404503778174426,2.7708520116421442,2.7209857441537393,,,,,,=,=,=,=,,,,,,
530,C[C@H]1CN(c2cncc3ccccc23)C(=O)[C@@]12CN(CCN1CC(F)(F)C1)C(=O)c1ccc(Cl)cc12,ASAP-0015660,2.4,-3.446116973356126,2.4913616938342726,2.595496221825574,,,,,,=,=,=,=,,,,,,
531,C[C@H]1CN(CCN2C[C@@]3(C(=O)N(c4cncc5ccccc45)C[C@@H]3C)c3cc(Cl)ccc3C2=O)C[C@H](C)O1,ASAP-0015663,2.6,-3.4881166390211256,3.037824750588342,2.7589118923979736,,,,,,=,=,=,=,,,,,,
532,C[C@H]1CN(c2cncc3ccccc23)C(=O)[C@@]12CN(CCN1C[C@H]3C[C@@H]1CO3)C(=O)c1ccc(Cl)cc12,ASAP-0015672,1.7,-3.43297363384094,2.037426497940624,2.123851640967086,,,,,,=,=,=,=,,,,,,
533,C[C@H]1CN(c2cncc3ccccc23)C(=O)[C@@]12CN(CCN1C[C@H]3COC[C@H]3C1)C(=O)c1ccc(Cl)cc12,ASAP-0015669,1.8,-3.4775557664936803,2.507855871695831,2.3710678622717363,,,,,,=,=,=,=,,,,,,
534,C[C@@H]1CN(CCN2C[C@@]3(C(=O)N(c4cncc5ccccc45)C[C@@H]3C)c3cc(Cl)ccc3C2=O)CCO1,ASAP-0015677,2.2,-3.4271283977995197,2.459392487759231,2.0530784434834195,,,,,,=,=,=,=,,,,,,
535,C[C@@H]1CN(CCN2C[C@@]3(C(=O)N(c4cncc5ccccc45)C[C@@H]3C)c3cc(Cl)ccc3C2=O)C[C@@H](C)O1,ASAP-0015679,2.5,-3.596879478824182,2.733999286538387,2.932473764677153,,,,,,=,=,=,=,,,,,,
536,C[C@H]1CN(CCN2C[C@@]3(C(=O)N(c4cncc5ccccc45)C[C@@H]3C)c3cc(Cl)ccc3C2=O)CCO1,ASAP-0015514,2.1,-3.4814860601221125,2.5211380837040362,2.2764618041732443,,,,,,=,=,=,=,,,,,,
537,C[C@@H]1COC[C@H](C)N1CCN1C[C@@]2(C(=O)N(c3cncc4ccccc34)C[C@@H]2C)c2cc(Cl)ccc2C1=O,ASAP-0015512,2.1,-3.424812155072339,2.6857417386022635,2.8394780473741985,,,,,,=,=,=,=,,,,,,
538,C[C@H]1CN(c2cncc3ccccc23)C(=O)[C@@]12CN(CCN1CCOC(C)(C)C1)C(=O)c1ccc(Cl)cc12,ASAP-0015508,2.3,-3.474955192963155,2.9400181550076634,2.7283537820212285,,,,,,=,=,=,=,,,,,,
539,C[C@@H]1COC[C@@H](C)N1CCN1C[C@@]2(C(=O)N(c3cncc4ccccc34)C[C@@H]2C)c2cc(Cl)ccc2C1=O,ASAP-0015376,2.1,-3.4001169279263124,2.513217600067939,2.806179973983887,,,,,,=,=,=,=,,,,,,
540,CNC(=O)CN1C[C@@]2(C(=O)N(c3cncc4ccccc34)C[C@@H]2CNc2nncs2)c2cc(Cl)ccc2C1=O,ASAP-0015239,1.2,-3.4424927980943423,1.6232492903979006,1.0413926851582251,,,,,,=,=,=,=,,,,,,
541,CNC(=O)CN1C[C@@]2(C(=O)N(c3cncc4ccccc34)C[C@@H]2CCl)c2cc(Cl)ccc2C1=O,ASAP-0015078,2.1,,1.724275869600789,2.0253058652647704,,,,,,=,,=,=,,,,,,
542,CNC(=O)CN1C[C@@]2(C(=O)N(c3cncc4ccccc34)C[C@@H]2CNc2ncncn2)c2cc(Cl)ccc2C1=O,ASAP-0015108,1.2,,1.5563025007672873,1.462397997898956,,,,,,=,,=,=,,,,,,
543,C[C@H]1CN(c2cncc3ccccc23)C(=O)[C@@]12CN(CCN1CCC3(COC3)C1)C(=O)c1ccc(Cl)cc12,ASAP-0015092,1.6,,2.450249108319361,2.416640507338281,,,,,,=,,=,=,,,,,,
544,COC[C@H]1CN(c2cncc3ccccc23)C(=O)[C@@]12CN(Cc1c[nH]cn1)C(=O)c1ccc(Cl)cc12,ASAP-0014936,2.1,,1.255272505103306,1.8195439355418688,,,,,,=,,=,=,,,,,,
545,COC[C@H]1CN(c2cncc3ccccc23)C(=O)[C@@]12CN(Cc1ncc[nH]1)C(=O)c1ccc(Cl)cc12,ASAP-0014948,2.5,,2.060697840353612,2.8830933585756897,,,,,,=,,=,=,,,,,,
546,C[C@H]1CN(c2cncc3ccccc23)C(=O)[C@@]12CN(Cc1ccncn1)C(=O)c1ccc(F)cc12,ASAP-0014794,1.5,-3.423658649794207,1.6434526764861874,2.6893088591236203,,,,,,=,=,=,=,,,,,,
547,C[C@H]1CN(c2cncc3ccccc23)C(=O)[C@@]12CN(Cc1ncco1)C(=O)c1ccc(F)cc12,ASAP-0014745,1.6,-3.425968732272281,0.9542425094393249,1.4771212547196624,,,,,,=,=,=,=,,,,,,
548,C[C@H]1CN(c2cncc3ccccc23)C(=O)[C@@]12CN(Cc1nnn(C)n1)C(=O)c1ccc(F)cc12,ASAP-0014758,1.4,,1.2304489213782739,1.8129133566428555,,,,,,=,,=,=,,,,,,
549,C[C@H]1CN(c2cncc3ccccc23)C(=O)[C@@]12CN(Cc1cnn(C)n1)C(=O)c1ccc(F)cc12,ASAP-0014753,1.7,,1.4771212547196624,2.0293837776852097,,,,,,=,,=,=,,,,,,
550,Cc1nc(CN2C[C@@]3(C(=O)N(c4cncc5ccccc45)C[C@@H]3C)c3cc(F)ccc3C2=O)co1,ASAP-0014750,2.0,,2.214843848047698,2.326335860928751,,,,,,=,,=,=,,,,,,
551,Cc1nc(CN2C[C@@]3(C(=O)N(c4cncc5ccccc45)C[C@@H]3C)c3cc(F)ccc3C2=O)no1,ASAP-0014762,1.6,,1.3617278360175928,1.5797835966168101,,,,,,=,,=,=,,,,,,
552,C[C@H]1CN(c2cncc3ccccc23)C(=O)[C@@]12CN(CCN1CCS(=O)(=O)CC1)C(=O)c1ccc(Cl)cc12,ASAP-0014717,1.6,-3.4145392704914994,2.3636119798921444,2.828015064223977,,,,,,=,=,=,=,,,,,,
553,C[C@H]1CN(c2cncc3ccccc23)C(=O)[C@@]12CN(Cc1ncn(C)n1)C(=O)c1ccc(F)cc12,ASAP-0014769,1.1,,0.6020599913279624,1.146128035678238,,,,,,=,,=,=,,,,,,
554,C[C@H]1CN(c2cncc3ccccc23)C(=O)[C@@]12CN(Cc1ccon1)C(=O)c1ccc(F)cc12,ASAP-0014764,1.8,,1.7323937598229686,2.406540180433955,,,,,,=,,=,=,,,,,,
555,C[C@H]1CN(c2cncc3ccccc23)C(=O)[C@@]12CN(Cc1ccn(C)n1)C(=O)c1ccc(F)cc12,ASAP-0014770,1.1,,1.9344984512435677,1.9084850188786497,,,,,,=,,=,=,,,,,,
556,C[C@H]1CN(c2cncc3ccccc23)C(=O)[C@@]12CN(Cc1cnn(C)c1)C(=O)c1ccc(F)cc12,ASAP-0014773,1.1,-3.4584207560534193,1.6901960800285136,2.012837224705172,,,,,,=,=,=,=,,,,,,
557,COC[C@H]1CN(c2cncc3ccccc23)C(=O)[C@@]12CN(Cc1ccn[nH]1)C(=O)c1ccc(Cl)cc12,ASAP-0014789,2.3,-3.4001169279263124,2.1958996524092336,2.361727836017593,,,,,,=,=,=,=,,,,,,
558,C[C@H]1CN(c2cncc3ccccc23)C(=O)[C@@]12CN(CCN1CCCC1=O)C(=O)c1ccc(Cl)cc12,ASAP-0014632,1.9,,2.60959440922522,2.7323937598229686,,,,,,=,,=,=,,,,,,
559,Cc1ncc(CN2C[C@@]3(C(=O)N(c4cncc5ccccc45)C[C@@H]3C)c3cc(F)ccc3C2=O)o1,ASAP-0014619,2.0,,2.1583624920952498,2.4149733479708178,,,,,,=,,=,=,,,,,,
